# Cold start, 6 October 2026, logged over Wi-Fi by tools/wifi_imu_log.py (about 2 samples per second).
# Board powered on from the freezer in a sealed bag, lying still; first reading -4.4 C at 25 s uptime. Rows end at the over-the-air reboot.
# columns: host_time,uptime_us,temp_c,ax,ay,az,gx_rad_s,gy_rad_s,gz_rad_s,read_failures
2026-10-06T22:57:46.384,25280131,-4.29,0.6273,8.2241,-5.3702,-0.03193,-0.00053,0.00266,0
2026-10-06T22:57:46.797,25693093,-4.2,0.6488,8.2456,-5.3798,-0.03246,0.00053,0.00213,0
2026-10-06T22:57:47.307,26203089,-4.04,0.6369,8.26,-5.3271,-0.03193,0.0,0.00213,0
2026-10-06T22:57:47.819,26713093,-3.89,0.6536,8.2265,-5.3439,-0.03193,0.00106,0.00213,0
2026-10-06T22:57:48.331,27224089,-3.77,0.6105,8.2337,-5.3774,-0.03086,0.00053,0.0016,0
2026-10-06T22:57:48.836,27732093,-3.61,0.6177,8.2528,-5.363,-0.03193,0.0,0.00106,0
2026-10-06T22:57:49.357,28253093,-3.49,0.6249,8.2432,-5.3463,-0.03193,0.00053,0.00213,0
2026-10-06T22:57:49.865,28761089,-3.36,0.6416,8.2384,-5.3582,-0.03193,0.00053,0.00213,0
2026-10-06T22:57:50.266,29161209,-3.24,0.6153,8.2361,-5.3223,-0.03193,0.00053,0.0016,0
2026-10-06T22:57:50.787,29683089,-3.11,0.6201,8.26,-5.3774,-0.03139,0.0,0.0016,0
2026-10-06T22:57:51.297,30193093,-2.97,0.6321,8.2361,-5.351,-0.03139,0.00053,0.00213,0
2026-10-06T22:57:51.820,30715093,-2.84,0.6057,8.2504,-5.3654,-0.03193,0.00106,0.00213,0
2026-10-06T22:57:52.320,31216093,-2.71,0.6297,8.2241,-5.3774,-0.03299,0.00106,0.00213,0
2026-10-06T22:57:52.842,31736093,-2.58,0.6321,8.2456,-5.3822,-0.03193,0.00106,0.00213,0
2026-10-06T22:57:53.341,32235108,-2.45,0.6057,8.2552,-5.3582,-0.03139,0.00106,0.00213,0
2026-10-06T22:57:53.850,32746089,-2.33,0.6416,8.2265,-5.3391,-0.03246,0.00053,0.0016,0
2026-10-06T22:57:57.031,35927093,-1.54,0.6369,8.2313,-5.375,-0.03246,-0.00053,0.00266,0
2026-10-06T22:57:57.120,36016172,-1.51,0.6249,8.2768,-5.3558,-0.03193,-0.00053,0.00213,0
2026-10-06T22:57:57.207,36056203,-1.51,0.6153,8.2384,-5.3056,-0.03139,-0.00106,0.00266,0
2026-10-06T22:57:57.243,36140335,-1.49,0.6153,8.2313,-5.3343,-0.03193,0.0016,0.00213,0
2026-10-06T22:57:57.335,36228093,-1.47,0.6225,8.2313,-5.3127,-0.03193,0.0,0.00213,0
2026-10-06T22:57:57.433,36329093,-1.45,0.6249,8.2169,-5.3199,-0.03193,0.00053,0.00213,0
2026-10-06T22:57:57.532,36427108,-1.43,0.6177,8.2289,-5.3223,-0.03193,0.00053,0.00213,0
2026-10-06T22:57:57.854,36746089,-1.33,0.6081,8.2241,-5.3486,-0.03139,0.00106,0.00266,0
2026-10-06T22:57:58.357,37253093,-1.23,0.6273,8.2384,-5.351,-0.03299,0.00053,0.00213,0
2026-10-06T22:57:58.866,37762089,-1.11,0.6369,8.272,-5.3439,-0.03299,0.00053,0.00213,0
2026-10-06T22:57:59.280,38176093,-1.02,0.6608,8.2624,-5.3295,-0.03086,0.0,0.00266,0
2026-10-06T22:57:59.792,38685089,-0.88,0.6273,8.2624,-5.3247,-0.03193,-0.00106,0.00266,0
2026-10-06T22:58:00.309,39205089,-0.78,0.656,8.2408,-5.3223,-0.03139,0.00053,0.00213,0
2026-10-06T22:58:13.909,52802160,2.09,0.6297,8.2504,-5.3032,-0.03299,-0.00053,0.00319,0
2026-10-06T22:58:14.015,52911093,2.14,0.6105,8.2408,-5.3319,-0.03246,-0.00053,0.00319,0
2026-10-06T22:58:14.117,53012089,2.14,0.6369,8.2576,-5.3343,-0.03139,-0.00053,0.00319,0
2026-10-06T22:58:14.195,53041820,2.16,0.6177,8.2744,-5.296,-0.03352,-0.00053,0.00266,0
2026-10-06T22:58:14.301,53143097,2.17,0.6512,8.2456,-5.3247,-0.03246,-0.00106,0.00319,0
2026-10-06T22:58:14.404,53229089,2.17,0.6249,8.2624,-5.3032,-0.03193,-0.00053,0.00372,0
2026-10-06T22:58:14.501,53342124,2.2,0.6201,8.2744,-5.3056,-0.03352,-0.00053,0.00266,0
2026-10-06T22:58:14.604,53452187,2.25,0.6177,8.2576,-5.3271,-0.03246,0.00053,0.00319,0
2026-10-06T22:58:15.147,54043089,2.34,0.6321,8.2552,-5.3127,-0.03246,-0.00053,0.00266,0
2026-10-06T22:58:15.631,54456206,2.42,0.6345,8.2696,-5.3103,-0.03246,0.0,0.00372,0
2026-10-06T22:58:16.165,55062089,2.53,0.6225,8.2504,-5.296,-0.03193,0.0,0.00319,0
2026-10-06T22:58:16.570,55464216,2.6,0.6129,8.2648,-5.3199,-0.03193,-0.00053,0.00319,0
2026-10-06T22:58:17.092,55986089,2.7,0.6369,8.2504,-5.3199,-0.03139,-0.00106,0.00319,0
2026-10-06T22:58:17.604,56497093,2.82,0.6177,8.248,-5.2888,-0.03246,-0.00053,0.00372,0
2026-10-06T22:58:18.112,57005193,2.9,0.6057,8.2408,-5.3056,-0.03299,0.0,0.00319,0
2026-10-06T22:58:18.632,57526089,3.0,0.6249,8.272,-5.3056,-0.03193,0.0,0.00372,0
2026-10-06T22:58:19.222,58049089,3.11,0.6081,8.2768,-5.2888,-0.03193,-0.00053,0.00319,0
2026-10-06T22:58:19.647,58540152,3.16,0.6009,8.26,-5.296,-0.03246,-0.00053,0.00319,0
2026-10-06T22:58:20.054,58951093,3.26,0.6273,8.2648,-5.2984,-0.03299,-0.00053,0.00372,0
2026-10-06T22:58:20.735,59568093,3.38,0.6081,8.2672,-5.2912,-0.03193,0.0,0.00319,0
2026-10-06T22:58:21.083,59979116,3.46,0.6153,8.2768,-5.3008,-0.03246,-0.00053,0.00319,0
2026-10-06T22:58:21.594,60490093,3.55,0.6464,8.2815,-5.3032,-0.03193,-0.00106,0.00372,0
2026-10-06T22:58:24.861,63754093,4.1,0.5938,8.2432,-5.2768,-0.03299,0.0,0.00426,0
2026-10-06T22:58:24.958,63854102,4.13,0.6249,8.2648,-5.3032,-0.03246,-0.00053,0.00319,0
2026-10-06T22:58:25.065,63960093,4.13,0.6033,8.2791,-5.2792,-0.03299,0.0,0.00372,0
2026-10-06T22:58:25.173,64067093,4.16,0.6177,8.2576,-5.2888,-0.03193,-0.00106,0.00266,0
2026-10-06T22:58:25.269,64164093,4.19,0.6201,8.2456,-5.2529,-0.03246,-0.00053,0.00372,0
2026-10-06T22:58:25.363,64258238,4.18,0.6153,8.2863,-5.3391,-0.03246,0.0,0.00319,0
2026-10-06T22:58:25.461,64355129,4.21,0.589,8.2839,-5.2481,-0.03299,-0.00106,0.00266,0
2026-10-06T22:58:25.586,64478089,4.23,0.6201,8.272,-5.2936,-0.03246,0.0,0.00319,0
2026-10-06T22:58:26.089,64985117,4.31,0.6177,8.248,-5.2864,-0.03193,-0.00053,0.00266,0
2026-10-06T22:58:26.613,65508093,4.43,0.6201,8.2504,-5.2936,-0.03246,-0.00053,0.00266,0
2026-10-06T22:58:27.125,66020143,4.51,0.5962,8.2768,-5.2984,-0.03299,0.00053,0.00266,0
2026-10-06T22:58:27.599,66454192,4.56,0.6225,8.2815,-5.2792,-0.03299,-0.00053,0.00426,0
2026-10-06T22:58:28.135,67032089,4.67,0.6345,8.2648,-5.2888,-0.03193,0.0,0.00372,0
2026-10-06T22:58:28.622,67470147,4.73,0.6177,8.272,-5.2744,-0.03246,-0.00106,0.00372,0
2026-10-06T22:58:29.166,68060093,4.83,0.6321,8.2815,-5.2888,-0.03246,-0.00053,0.00319,0
2026-10-06T22:58:29.640,68494112,4.91,0.6081,8.2815,-5.2768,-0.03299,-0.00053,0.00372,0
2026-10-06T22:58:30.081,68977093,4.99,0.6105,8.2744,-5.2864,-0.03193,-0.00106,0.00266,0
2026-10-06T22:58:30.592,69487089,5.08,0.6201,8.272,-5.2625,-0.03246,-0.00106,0.00319,0
2026-10-06T22:58:31.101,69997093,5.16,0.6225,8.2863,-5.2936,-0.03246,-0.00106,0.00319,0
2026-10-06T22:58:31.609,70506146,5.24,0.6081,8.26,-5.284,-0.03246,-0.00106,0.00372,0
2026-10-06T22:58:32.133,71027089,5.34,0.6225,8.2696,-5.3079,-0.03246,-0.00053,0.00266,0
2026-10-06T22:58:32.638,71535093,5.41,0.6249,8.2696,-5.296,-0.03299,-0.00106,0.00372,0
2026-10-06T22:58:35.808,74702105,5.9,0.6009,8.272,-5.2744,-0.03246,-0.00053,0.00426,0
2026-10-06T22:58:35.915,74810097,5.92,0.6105,8.2696,-5.2601,-0.03246,-0.00106,0.00426,0
2026-10-06T22:58:36.021,74908089,5.94,0.5962,8.2935,-5.2768,-0.03246,-0.00106,0.00372,0
2026-10-06T22:58:36.111,75007093,5.94,0.6009,8.2696,-5.2672,-0.03299,0.0,0.00372,0
2026-10-06T22:58:36.196,75035419,5.96,0.5938,8.2696,-5.2648,-0.03299,0.0,0.00372,0
2026-10-06T22:58:36.303,75138214,5.98,0.6081,8.2791,-5.272,-0.03246,0.00106,0.00372,0
2026-10-06T22:58:36.400,75238190,5.99,0.6057,8.26,-5.2936,-0.03246,-0.00106,0.00319,0
2026-10-06T22:58:36.623,75520089,6.03,0.6225,8.2456,-5.2529,-0.03352,-0.00053,0.00319,0
2026-10-06T22:58:37.145,76042172,6.1,0.6153,8.272,-5.284,-0.03246,-0.00053,0.00319,0
2026-10-06T22:58:37.655,76551096,6.2,0.5938,8.2648,-5.2672,-0.03246,-0.00106,0.00319,0
2026-10-06T22:58:38.173,77062089,6.29,0.6273,8.2768,-5.2457,-0.03193,0.0,0.00426,0
2026-10-06T22:58:38.579,77474093,6.33,0.6105,8.272,-5.2457,-0.03299,-0.00053,0.00372,0
2026-10-06T22:58:39.085,77981089,6.43,0.6416,8.2791,-5.2936,-0.03299,-0.00053,0.00372,0
2026-10-06T22:58:39.600,78491110,6.49,0.5986,8.26,-5.2625,-0.03299,0.0,0.00426,0
2026-10-06T22:58:40.119,79012093,6.57,0.6249,8.272,-5.2577,-0.03299,-0.00053,0.00319,0
2026-10-06T22:58:40.623,79519091,6.66,0.6297,8.2648,-5.272,-0.03299,-0.00053,0.00426,0
2026-10-06T22:58:41.135,80029093,6.73,0.589,8.2552,-5.2672,-0.03193,-0.00053,0.00319,0
2026-10-06T22:58:41.614,80468111,6.79,0.6129,8.2696,-5.2481,-0.03299,0.0,0.00372,0
2026-10-06T22:58:42.150,81047201,6.88,0.6177,8.272,-5.2625,-0.03246,0.0,0.00426,0
2026-10-06T22:58:42.670,81567093,6.95,0.6249,8.2911,-5.2672,-0.03193,-0.00106,0.00372,0
2026-10-06T22:58:43.085,81978089,6.99,0.5938,8.2744,-5.272,-0.03299,-0.00106,0.00532,0
2026-10-06T22:58:43.594,82486093,7.07,0.6009,8.2744,-5.2409,-0.03246,-0.00053,0.00372,0
2026-10-06T22:58:46.940,85775093,7.54,0.5986,8.2552,-5.2648,-0.03352,-0.00106,0.00319,0
2026-10-06T22:58:46.978,85873089,7.55,0.5794,8.2959,-5.2553,-0.03299,-0.00053,0.00426,0
2026-10-06T22:58:47.074,85968089,7.58,0.6201,8.2983,-5.2385,-0.03299,0.0,0.00319,0
2026-10-06T22:58:47.174,86065093,7.59,0.6249,8.2863,-5.2481,-0.03246,0.0,0.00372,0
2026-10-06T22:58:47.262,86160093,7.59,0.6225,8.2791,-5.2601,-0.03299,-0.00106,0.00426,0
2026-10-06T22:58:47.376,86266093,7.6,0.6009,8.26,-5.2457,-0.03299,0.0,0.00372,0
2026-10-06T22:58:47.453,86303115,7.61,0.5986,8.2624,-5.2457,-0.03299,-0.00106,0.00372,0
2026-10-06T22:58:47.580,86472219,7.63,0.6321,8.2839,-5.2529,-0.03299,-0.00053,0.00372,0
2026-10-06T22:58:48.098,86993093,7.71,0.5914,8.26,-5.2409,-0.03246,-0.00053,0.00426,0
2026-10-06T22:58:48.607,87504095,7.78,0.6009,8.2959,-5.2601,-0.03299,-0.00106,0.00372,0
2026-10-06T22:58:49.118,88014093,7.85,0.5986,8.2911,-5.2361,-0.03299,0.00053,0.00372,0
2026-10-06T22:58:49.630,88523089,7.92,0.6249,8.2624,-5.2553,-0.03352,-0.00106,0.00372,0
2026-10-06T22:58:50.145,89042089,7.99,0.6033,8.2624,-5.2433,-0.03246,0.00053,0.00426,0
2026-10-06T22:58:50.655,89552225,8.07,0.6081,8.26,-5.2313,-0.03299,-0.00106,0.00532,0
2026-10-06T22:58:51.159,90051195,8.14,0.6105,8.2744,-5.2361,-0.03299,-0.00106,0.00426,0
2026-10-06T22:58:51.573,90470089,8.2,0.5914,8.2696,-5.2385,-0.03246,-0.00053,0.00426,0
2026-10-06T22:58:52.083,90979141,8.24,0.6081,8.2839,-5.2218,-0.03299,0.0,0.00372,0
2026-10-06T22:58:52.606,91501093,8.31,0.6105,8.2576,-5.2625,-0.03299,-0.00106,0.00372,0
2026-10-06T22:58:53.104,92001093,8.39,0.6057,8.2863,-5.2074,-0.03246,-0.00106,0.00479,0
2026-10-06T22:58:53.614,92511089,8.46,0.6153,8.2815,-5.2864,-0.03246,0.0,0.00319,0
2026-10-06T22:58:54.123,93020193,8.52,0.6321,8.2744,-5.2577,-0.03193,-0.00053,0.00372,0
2026-10-06T22:58:54.615,93460340,8.59,0.6105,8.2863,-5.2577,-0.03246,-0.00053,0.00372,0
2026-10-06T22:58:57.812,96710093,8.99,0.6177,8.2672,-5.2601,-0.03352,0.00053,0.00479,0
2026-10-06T22:58:57.916,96811233,9.01,0.6033,8.2576,-5.2553,-0.03246,0.0,0.00426,0
2026-10-06T22:58:58.018,96912093,9.03,0.589,8.3007,-5.2457,-0.03299,0.0,0.00372,0
2026-10-06T22:58:58.121,97018108,9.05,0.6369,8.2768,-5.2313,-0.03299,-0.00053,0.00426,0
2026-10-06T22:58:58.200,97045831,9.04,0.6249,8.2696,-5.2241,-0.03299,-0.00053,0.00372,0
2026-10-06T22:58:58.303,97131089,9.05,0.6129,8.2887,-5.2098,-0.03299,-0.00053,0.00426,0
2026-10-06T22:58:58.403,97243129,9.09,0.6129,8.2887,-5.2481,-0.03246,-0.00106,0.00532,0
2026-10-06T22:58:58.607,97450089,9.1,0.5914,8.2744,-5.2409,-0.03193,-0.00053,0.00426,0
2026-10-06T22:58:59.148,98042089,9.15,0.6009,8.2744,-5.2241,-0.03299,-0.0016,0.00426,0
2026-10-06T22:58:59.665,98560089,9.22,0.5938,8.2768,-5.2577,-0.03352,0.00053,0.00372,0
2026-10-06T22:59:00.171,99063089,9.3,0.6345,8.2768,-5.2529,-0.03246,0.00053,0.00426,0
2026-10-06T22:59:00.579,99476093,9.33,0.6273,8.2839,-5.2313,-0.03299,0.0,0.00426,0
2026-10-06T22:59:01.089,99986089,9.39,0.6081,8.2983,-5.2194,-0.03299,-0.00053,0.00479,0
2026-10-06T22:59:01.602,100496093,9.45,0.6201,8.2648,-5.2289,-0.03193,-0.00053,0.00426,0
2026-10-06T22:59:02.107,101004089,9.55,0.6081,8.3055,-5.2529,-0.03299,-0.00106,0.00479,0
2026-10-06T22:59:02.633,101526089,9.59,0.6321,8.2839,-5.2074,-0.03246,-0.00053,0.00479,0
2026-10-06T22:59:03.143,102034095,9.63,0.5986,8.2768,-5.2385,-0.03299,-0.00106,0.00426,0
2026-10-06T22:59:03.639,102535222,9.71,0.6033,8.26,-5.2361,-0.03352,0.0,0.00372,0
2026-10-06T22:59:04.160,103055089,9.76,0.5962,8.2672,-5.2218,-0.03246,0.0,0.00372,0
2026-10-06T22:59:04.676,103573238,9.81,0.6321,8.2744,-5.2553,-0.03299,0.0,0.00372,0
2026-10-06T22:59:05.091,103986093,9.87,0.6393,8.2648,-5.2265,-0.03299,-0.00106,0.00479,0
2026-10-06T22:59:05.597,104494089,9.94,0.6033,8.2791,-5.2409,-0.03352,-0.00053,0.00426,0
2026-10-06T22:59:08.876,107769255,10.3,0.6057,8.2791,-5.2289,-0.03246,0.0,0.00426,0
2026-10-06T22:59:08.971,107868125,10.31,0.6153,8.2887,-5.2481,-0.03352,-0.00106,0.00426,0
2026-10-06T22:59:09.074,107970093,10.32,0.6177,8.2911,-5.2529,-0.03246,-0.00106,0.00479,0
2026-10-06T22:59:09.175,108071089,10.33,0.6033,8.2863,-5.2457,-0.03352,-0.00053,0.00479,0
2026-10-06T22:59:09.278,108172093,10.34,0.6321,8.2839,-5.2265,-0.03246,-0.00053,0.00426,0
2026-10-06T22:59:09.378,108276097,10.36,0.6033,8.2696,-5.2098,-0.03246,0.0,0.00532,0
2026-10-06T22:59:09.482,108379129,10.37,0.6201,8.3031,-5.2241,-0.03352,-0.00053,0.00479,0
2026-10-06T22:59:09.583,108480135,10.38,0.6225,8.2863,-5.2648,-0.03246,-0.00053,0.00479,0
2026-10-06T22:59:10.095,108990201,10.44,0.6033,8.2791,-5.2313,-0.03299,-0.00053,0.00372,0
2026-10-06T22:59:10.614,109509089,10.48,0.5866,8.2935,-5.2337,-0.03352,0.0,0.00372,0
2026-10-06T22:59:11.120,110015093,10.55,0.6201,8.2887,-5.2241,-0.03246,0.0,0.00319,0
2026-10-06T22:59:11.639,110534093,10.57,0.5962,8.2911,-5.2026,-0.03352,-0.00053,0.00479,0
2026-10-06T22:59:12.225,111052093,10.67,0.5914,8.2791,-5.1978,-0.03299,-0.00053,0.00585,0
2026-10-06T22:59:12.652,111548191,10.71,0.589,8.2887,-5.217,-0.03299,-0.00053,0.00532,0
2026-10-06T22:59:13.175,112071093,10.77,0.6153,8.2887,-5.2385,-0.03246,-0.00106,0.00426,0
2026-10-06T22:59:13.577,112472093,10.79,0.5962,8.2791,-5.2409,-0.03246,-0.00053,0.00426,0
2026-10-06T22:59:14.086,112981204,10.86,0.589,8.2744,-5.2265,-0.03246,0.00053,0.00426,0
2026-10-06T22:59:14.597,113491093,10.91,0.5866,8.2768,-5.2361,-0.03246,-0.00053,0.00479,0
2026-10-06T22:59:15.114,114011246,10.95,0.5698,8.2696,-5.2098,-0.03352,0.00053,0.00426,0
2026-10-06T22:59:15.625,114521244,11.01,0.6225,8.2839,-5.2481,-0.03299,0.0,0.00479,0
2026-10-06T22:59:16.134,115032256,11.07,0.6057,8.2648,-5.2265,-0.03246,0.0,0.00426,0
2026-10-06T22:59:16.646,115543245,11.13,0.6105,8.2887,-5.2265,-0.03352,-0.00053,0.00426,0
2026-10-06T22:59:19.825,118722093,11.42,0.5986,8.2815,-5.2361,-0.03246,-0.00053,0.00532,0
2026-10-06T22:59:19.925,118823089,11.45,0.6009,8.2768,-5.2385,-0.03246,0.00053,0.00532,0
2026-10-06T22:59:20.116,118923093,11.46,0.6129,8.2768,-5.2074,-0.03299,-0.00106,0.00479,0
2026-10-06T22:59:20.194,119043089,11.49,0.6153,8.2959,-5.2074,-0.03299,-0.00053,0.00532,0
2026-10-06T22:59:20.235,119131089,11.49,0.6057,8.2887,-5.2433,-0.03352,0.0,0.00532,0
2026-10-06T22:59:20.339,119232093,11.49,0.6009,8.2648,-5.2361,-0.03299,-0.00053,0.00426,0
2026-10-06T22:59:20.433,119330089,11.51,0.6129,8.2887,-5.1858,-0.03246,0.0,0.00479,0
2026-10-06T22:59:20.629,119526097,11.52,0.6033,8.2887,-5.2481,-0.03246,0.00053,0.00426,0
2026-10-06T22:59:21.144,120041101,11.57,0.6249,8.2744,-5.1715,-0.03299,0.0,0.00426,0
2026-10-06T22:59:21.670,120567089,11.63,0.656,8.3031,-5.2074,-0.03352,-0.00053,0.00426,0
2026-10-06T22:59:22.138,120979101,11.67,0.6153,8.2648,-5.2385,-0.03246,-0.00106,0.00479,0
2026-10-06T22:59:22.577,121475093,11.71,0.5962,8.272,-5.2672,-0.03299,0.0,0.00426,0
2026-10-06T22:59:23.087,121985089,11.76,0.6081,8.2959,-5.2289,-0.03246,-0.00053,0.00479,0
2026-10-06T22:59:23.681,122507089,11.81,0.5818,8.3175,-5.1954,-0.03299,-0.00106,0.00372,0
2026-10-06T22:59:24.118,123016093,11.87,0.6153,8.2935,-5.2241,-0.03246,0.0,0.00479,0
2026-10-06T22:59:24.628,123526131,11.91,0.6273,8.2839,-5.2241,-0.03246,-0.00053,0.00532,0
2026-10-06T22:59:25.206,124048143,11.97,0.6081,8.3103,-5.2194,-0.03299,-0.00053,0.00479,0
2026-10-06T22:59:25.623,124460093,12.0,0.6177,8.2839,-5.2002,-0.03299,0.0,0.00426,0
2026-10-06T22:59:26.169,125067089,12.07,0.6081,8.2839,-5.2098,-0.03246,-0.00053,0.00532,0
2026-10-06T22:59:26.646,125483093,12.09,0.5746,8.2959,-5.2146,-0.03299,-0.00053,0.00426,0
2026-10-06T22:59:27.084,125982203,12.15,0.5938,8.3007,-5.2529,-0.03299,-0.00053,0.00532,0
2026-10-06T22:59:27.664,126504117,12.19,0.6129,8.3007,-5.2146,-0.03299,-0.00053,0.00479,0
2026-10-06T22:59:30.872,129769093,12.52,0.5938,8.2815,-5.2122,-0.03352,0.0,0.00532,0
2026-10-06T22:59:30.972,129870089,12.52,0.6177,8.2983,-5.193,-0.03299,-0.00053,0.00479,0
2026-10-06T22:59:31.072,129970099,12.5,0.6057,8.2911,-5.2002,-0.03299,0.00053,0.00479,0
2026-10-06T22:59:31.150,129997866,12.5,0.589,8.2887,-5.1691,-0.03299,0.0,0.00532,0
2026-10-06T22:59:31.186,130083089,12.51,0.6249,8.2983,-5.205,-0.03299,-0.00053,0.00426,0
2026-10-06T22:59:31.284,130183093,12.52,0.6009,8.2696,-5.2098,-0.03406,0.0,0.00532,0
2026-10-06T22:59:31.377,130273093,12.54,0.5938,8.2791,-5.2457,-0.03352,-0.00053,0.00479,0
2026-10-06T22:59:31.581,130479093,12.54,0.6153,8.2815,-5.193,-0.03352,-0.00053,0.00479,0
2026-10-06T22:59:32.103,131001095,12.6,0.6033,8.2696,-5.2122,-0.03352,0.0,0.00532,0
2026-10-06T22:59:32.603,131501093,12.66,0.6153,8.2839,-5.2481,-0.03299,-0.00053,0.00426,0
2026-10-06T22:59:33.220,132114092,12.71,0.6081,8.2791,-5.2122,-0.03299,0.00053,0.00479,0
2026-10-06T22:59:33.627,132525089,12.76,0.5866,8.2911,-5.1954,-0.03299,0.0,0.00479,0
2026-10-06T22:59:34.149,133047089,12.8,0.6225,8.2983,-5.1954,-0.03352,-0.00053,0.00479,0
2026-10-06T22:59:34.654,133545234,12.86,0.5842,8.2887,-5.2146,-0.03246,0.0,0.00532,0
2026-10-06T22:59:35.168,134065089,12.9,0.5938,8.2791,-5.2002,-0.03299,-0.00053,0.00532,0
2026-10-06T22:59:35.571,134468252,12.94,0.6081,8.2768,-5.1811,-0.03299,-0.00053,0.00479,0
2026-10-06T22:59:36.093,134991089,12.97,0.5938,8.2887,-5.1691,-0.03299,0.00053,0.00479,0
2026-10-06T22:59:36.594,135489188,13.02,0.6033,8.2983,-5.2026,-0.03352,0.0,0.00426,0
2026-10-06T22:59:37.113,136010089,13.04,0.6153,8.3103,-5.1906,-0.03299,-0.00053,0.00426,0
2026-10-06T22:59:37.624,136522093,13.1,0.6081,8.2863,-5.2361,-0.03352,0.0,0.00479,0
2026-10-06T22:59:38.135,137033089,13.15,0.5842,8.3151,-5.2218,-0.03299,-0.00053,0.00479,0
2026-10-06T22:59:38.644,137542093,13.18,0.5914,8.2768,-5.2241,-0.03246,0.00106,0.00479,0
2026-10-06T22:59:41.819,140711093,13.46,0.5914,8.2768,-5.2146,-0.03299,0.0016,0.00532,0
2026-10-06T22:59:41.920,140809201,13.46,0.6009,8.2863,-5.2098,-0.03246,-0.00106,0.00532,0
2026-10-06T22:59:42.020,140918093,13.48,0.5962,8.3151,-5.2194,-0.03299,0.0,0.00479,0
2026-10-06T22:59:42.101,140945851,13.47,0.6273,8.2863,-5.2146,-0.03299,0.0,0.00372,0
2026-10-06T22:59:42.136,141033093,13.47,0.6009,8.2791,-5.217,-0.03299,0.0,0.00479,0
2026-10-06T22:59:42.233,141123093,13.49,0.6009,8.2863,-5.2146,-0.03352,0.0,0.00532,0
2026-10-06T22:59:42.330,141220089,13.48,0.5818,8.2887,-5.2026,-0.03299,0.0,0.00479,0
2026-10-06T22:59:42.632,141529092,13.54,0.5986,8.2935,-5.2122,-0.03299,-0.00053,0.00479,0
2026-10-06T22:59:43.150,142040131,13.55,0.5962,8.2887,-5.2098,-0.03299,-0.00053,0.00479,0
2026-10-06T22:59:43.664,142560089,13.62,0.6225,8.2887,-5.2122,-0.03246,0.0,0.00532,0
2026-10-06T22:59:44.145,142985143,13.62,0.6009,8.3031,-5.205,-0.03406,-0.00053,0.00532,0
2026-10-06T22:59:44.583,143481089,13.69,0.5986,8.2959,-5.2074,-0.03246,0.00053,0.00426,0
2026-10-06T22:59:45.094,143992098,13.71,0.6009,8.2672,-5.1978,-0.03299,0.0,0.00585,0
2026-10-06T22:59:45.604,144503089,13.76,0.5938,8.272,-5.2385,-0.03299,-0.00106,0.00532,0
2026-10-06T22:59:46.192,145036097,13.81,0.5962,8.2552,-5.1571,-0.03352,-0.00053,0.00532,0
2026-10-06T22:59:46.625,145521089,13.84,0.5914,8.2911,-5.2002,-0.03299,0.0,0.00479,0
2026-10-06T22:59:47.143,146041089,13.87,0.5794,8.2911,-5.2098,-0.03352,0.00053,0.00479,0
2026-10-06T22:59:47.625,146465225,13.91,0.6009,8.2744,-5.2122,-0.03246,0.0,0.00532,0
2026-10-06T22:59:48.064,146960089,13.98,0.5842,8.2887,-5.2241,-0.03352,0.0,0.00479,0
2026-10-06T22:59:48.573,147468093,13.99,0.5626,8.3007,-5.2026,-0.03352,0.0,0.00479,0
2026-10-06T22:59:49.088,147987093,14.02,0.589,8.3007,-5.2194,-0.03352,0.0,0.00532,0
2026-10-06T22:59:49.600,148496089,14.05,0.5962,8.2983,-5.1595,-0.03299,0.0,0.00479,0
2026-10-06T22:59:52.844,151689111,14.31,0.5986,8.2696,-5.193,-0.03352,0.00053,0.00479,0
2026-10-06T22:59:52.877,151774089,14.3,0.6345,8.2791,-5.1739,-0.03299,-0.00053,0.00532,0
2026-10-06T22:59:52.965,151862206,14.31,0.5842,8.2959,-5.1834,-0.03352,-0.00106,0.00479,0
2026-10-06T22:59:53.049,151903100,14.3,0.5866,8.2839,-5.1906,-0.03406,0.0,0.00426,0
2026-10-06T22:59:53.082,151976234,14.32,0.589,8.3079,-5.2026,-0.03352,-0.00106,0.00585,0
2026-10-06T22:59:53.184,152075244,14.34,0.5866,8.2911,-5.1715,-0.03299,0.0,0.00479,0
2026-10-06T22:59:53.275,152174093,14.35,0.6201,8.3175,-5.1978,-0.03299,0.00053,0.00479,0
2026-10-06T22:59:53.593,152488089,14.37,0.6105,8.2983,-5.1882,-0.03299,-0.00053,0.00532,0
2026-10-06T22:59:54.103,152995093,14.41,0.5986,8.2839,-5.1619,-0.03299,-0.00053,0.00532,0
2026-10-06T22:59:54.618,153515147,14.42,0.5914,8.2887,-5.2098,-0.03352,-0.00053,0.00479,0
2026-10-06T22:59:55.129,154023089,14.49,0.5962,8.3103,-5.2098,-0.03352,0.0,0.00479,0
2026-10-06T22:59:55.607,154460198,14.51,0.6225,8.2911,-5.1811,-0.03406,0.0,0.00532,0
2026-10-06T22:59:56.141,155040089,14.55,0.5962,8.2983,-5.2122,-0.03246,0.00053,0.00479,0
2026-10-06T22:59:56.652,155551093,14.58,0.6057,8.3103,-5.1834,-0.03299,-0.00053,0.00532,0
2026-10-06T22:59:57.161,156060089,14.62,0.6009,8.2768,-5.1882,-0.03352,0.0,0.00532,0
2026-10-06T22:59:57.574,156473093,14.64,0.6081,8.2983,-5.2098,-0.03299,-0.00053,0.00479,0
2026-10-06T22:59:58.092,156984107,14.69,0.6153,8.2696,-5.1619,-0.03299,0.00053,0.00532,0
2026-10-06T22:59:58.596,157494194,14.72,0.6129,8.2768,-5.2026,-0.03299,-0.00053,0.00479,0
2026-10-06T22:59:59.120,158017147,14.77,0.5962,8.3031,-5.1763,-0.03352,0.00053,0.00479,0
2026-10-06T22:59:59.614,158512093,14.8,0.6129,8.26,-5.217,-0.03299,-0.00053,0.00532,0
2026-10-06T23:00:00.144,159036093,14.84,0.6081,8.327,-5.193,-0.03406,0.00053,0.00532,0
2026-10-06T23:00:00.646,159544092,14.84,0.5962,8.2983,-5.2194,-0.03299,0.00053,0.00532,0
2026-10-06T23:00:03.815,162712089,15.08,0.6009,8.2863,-5.2385,-0.03299,-0.00053,0.00479,0
2026-10-06T23:00:03.924,162823093,15.1,0.6033,8.2983,-5.1906,-0.03299,0.0,0.00532,0
2026-10-06T23:00:04.023,162922093,15.09,0.5794,8.2959,-5.1834,-0.03352,0.00053,0.00532,0
2026-10-06T23:00:04.205,163046097,15.12,0.5746,8.2959,-5.1978,-0.03299,0.00106,0.00585,0
2026-10-06T23:00:04.300,163132089,15.12,0.6081,8.2815,-5.2289,-0.03299,0.00053,0.00479,0
2026-10-06T23:00:04.331,163230093,15.12,0.5938,8.2959,-5.1739,-0.03299,0.00106,0.00426,0
2026-10-06T23:00:04.433,163331089,15.12,0.589,8.2815,-5.1978,-0.03352,0.0,0.00532,0
2026-10-06T23:00:04.620,163468124,15.12,0.6153,8.2768,-5.1523,-0.03299,0.0,0.00585,0
2026-10-06T23:00:05.146,164045093,15.15,0.5866,8.3031,-5.2098,-0.03246,0.0,0.00532,0
2026-10-06T23:00:05.559,164458089,15.21,0.577,8.2815,-5.1811,-0.03352,0.0,0.00479,0
2026-10-06T23:00:06.070,164969093,15.23,0.6129,8.3031,-5.2146,-0.03352,0.00053,0.00532,0
2026-10-06T23:00:06.580,165479089,15.28,0.5962,8.2839,-5.193,-0.03299,0.0,0.00479,0
2026-10-06T23:00:07.089,165988093,15.3,0.5986,8.3055,-5.1691,-0.03352,0.00053,0.00532,0
2026-10-06T23:00:07.610,166509093,15.34,0.589,8.2935,-5.2002,-0.03352,0.0,0.00479,0
2026-10-06T23:00:08.120,167019089,15.37,0.6033,8.2983,-5.1906,-0.03299,0.00053,0.00532,0
2026-10-06T23:00:08.630,167529117,15.4,0.5842,8.2959,-5.1715,-0.03299,0.00106,0.00585,0
2026-10-06T23:00:09.140,168039089,15.44,0.5866,8.2648,-5.217,-0.03352,-0.00053,0.00479,0
2026-10-06T23:00:09.630,168467089,15.47,0.5818,8.2839,-5.1643,-0.03299,0.00053,0.00585,0
2026-10-06T23:00:10.161,169060089,15.52,0.5842,8.3151,-5.1667,-0.03352,0.00053,0.00532,0
2026-10-06T23:00:10.644,169486143,15.52,0.5962,8.3007,-5.1954,-0.03406,0.00053,0.00532,0
2026-10-06T23:00:11.083,169982089,15.57,0.6225,8.2744,-5.1834,-0.03352,0.00053,0.00585,0
2026-10-06T23:00:11.593,170492093,15.62,0.5794,8.3151,-5.1787,-0.03352,0.00053,0.00479,0
2026-10-06T23:00:14.869,173768089,15.82,0.5986,8.26,-5.1858,-0.03299,0.0,0.00532,0
2026-10-06T23:00:14.970,173869093,15.84,0.5842,8.2791,-5.1882,-0.03406,0.00053,0.00479,0
2026-10-06T23:00:15.072,173971089,15.83,0.577,8.3175,-5.1739,-0.03352,0.0,0.00479,0
2026-10-06T23:00:15.156,174013147,15.83,0.6057,8.3031,-5.1715,-0.03299,0.00053,0.00426,0
2026-10-06T23:00:15.185,174084093,15.83,0.6081,8.2744,-5.1882,-0.03352,0.0,0.00479,0
2026-10-06T23:00:15.273,174172093,15.82,0.5962,8.2887,-5.1978,-0.03352,0.00053,0.00585,0
2026-10-06T23:00:15.361,174199463,15.85,0.6249,8.327,-5.1834,-0.03352,0.0,0.00585,0
2026-10-06T23:00:15.595,174494093,15.85,0.6105,8.2911,-5.1619,-0.03299,0.00106,0.00639,0
2026-10-06T23:00:16.095,174992198,15.89,0.6009,8.3055,-5.193,-0.03299,0.00053,0.00479,0
2026-10-06T23:00:16.618,175516093,15.9,0.5626,8.2959,-5.1787,-0.03299,0.00053,0.00532,0
2026-10-06T23:00:17.118,176017197,15.94,0.5842,8.2887,-5.2002,-0.03299,0.00053,0.00639,0
2026-10-06T23:00:17.628,176527237,15.97,0.6009,8.3031,-5.193,-0.03299,0.0,0.00479,0
2026-10-06T23:00:18.115,176974146,16.02,0.5818,8.3199,-5.1906,-0.03299,0.0,0.00585,0
2026-10-06T23:00:18.654,177553093,16.04,0.5986,8.2815,-5.1451,-0.03352,0.0,0.00479,0
2026-10-06T23:00:19.163,178062239,16.06,0.6177,8.272,-5.1523,-0.03352,0.0016,0.00532,0
2026-10-06T23:00:19.576,178475169,16.09,0.6201,8.327,-5.1882,-0.03352,0.00053,0.00585,0
2026-10-06T23:00:22.853,181752093,16.29,0.6129,8.2983,-5.1667,-0.03352,0.0,0.00532,0
2026-10-06T23:00:25.623,184523089,16.46,0.6177,8.2959,-5.1404,-0.03246,0.0,0.00532,0
2026-10-06T23:00:25.717,184615089,16.48,0.6105,8.3366,-5.1643,-0.03299,0.00106,0.00532,0
2026-10-06T23:00:25.812,184712108,16.49,0.5818,8.3151,-5.205,-0.03352,0.0,0.00479,0
2026-10-06T23:00:25.917,184817097,16.47,0.5818,8.3151,-5.193,-0.03299,0.00106,0.00532,0
2026-10-06T23:00:26.012,184912093,16.49,0.6057,8.3007,-5.205,-0.03352,0.00053,0.00585,0
2026-10-06T23:00:26.118,185017093,16.46,0.6225,8.3031,-5.1667,-0.03299,0.0,0.00532,0
2026-10-06T23:00:26.204,185057209,16.49,0.6153,8.3103,-5.1643,-0.03299,0.0,0.00532,0
2026-10-06T23:00:26.307,185143224,16.5,0.5842,8.2935,-5.1858,-0.03352,0.00106,0.00479,0
2026-10-06T23:00:26.409,185255093,16.5,0.6153,8.3199,-5.2002,-0.03299,-0.00053,0.00639,0
2026-10-06T23:00:26.514,185353133,16.52,0.6153,8.3127,-5.1763,-0.03352,-0.00053,0.00479,0
2026-10-06T23:00:26.539,185439093,16.53,0.6129,8.2983,-5.1475,-0.03406,0.00053,0.00585,0
2026-10-06T23:00:26.640,185539091,16.53,0.5674,8.3007,-5.2026,-0.03352,-0.00053,0.00532,0
2026-10-06T23:00:26.726,185625260,16.55,0.5722,8.2935,-5.1667,-0.03352,0.0,0.00639,0
2026-10-06T23:00:27.151,186049089,16.56,0.5746,8.272,-5.1595,-0.03352,0.00053,0.00532,0
2026-10-06T23:00:27.637,186476143,16.57,0.5866,8.3031,-5.1954,-0.03406,0.00053,0.00479,0
2026-10-06T23:00:28.085,186985274,16.61,0.6009,8.2887,-5.1643,-0.03246,0.00106,0.00639,0
2026-10-06T23:00:28.660,187510101,16.63,0.5938,8.3151,-5.1691,-0.03406,0.00053,0.00585,0
2026-10-06T23:00:29.093,187992193,16.66,0.6081,8.327,-5.1523,-0.03299,0.00053,0.00532,0
2026-10-06T23:00:29.614,188514143,16.69,0.5866,8.3079,-5.1643,-0.03406,0.00053,0.00532,0
2026-10-06T23:00:30.124,189023095,16.71,0.6081,8.2983,-5.1811,-0.03246,0.00106,0.00585,0
2026-10-06T23:00:30.606,189463089,16.73,0.6153,8.3031,-5.1667,-0.03352,0.0,0.00585,0
2026-10-06T23:00:31.116,189971295,16.77,0.6081,8.2983,-5.1906,-0.03352,0.00053,0.00585,0
2026-10-06T23:00:31.648,190548089,16.8,0.6081,8.3127,-5.1188,-0.03246,0.0,0.00639,0
2026-10-06T23:00:32.170,191070089,16.83,0.5674,8.3055,-5.1739,-0.03406,0.0,0.00585,0
2026-10-06T23:00:32.572,191472089,16.85,0.5866,8.3199,-5.1858,-0.03352,0.0016,0.00585,0
2026-10-06T23:00:33.081,191981093,16.87,0.5914,8.3127,-5.1787,-0.03459,0.00053,0.00585,0
2026-10-06T23:00:33.602,192502093,16.92,0.6081,8.3055,-5.1523,-0.03299,0.0,0.00585,0
2026-10-06T23:00:36.774,195671093,17.08,0.5722,8.3127,-5.1667,-0.03352,0.00053,0.00585,0
2026-10-06T23:00:36.872,195771107,17.09,0.589,8.2839,-5.1404,-0.03406,0.00053,0.00639,0
2026-10-06T23:00:36.953,195799850,17.1,0.6129,8.3031,-5.1619,-0.03299,0.00106,0.00585,0
2026-10-06T23:00:37.054,195898129,17.09,0.6321,8.2863,-5.193,-0.03406,0.0016,0.00585,0
2026-10-06T23:00:37.156,195998278,17.11,0.6057,8.2959,-5.1451,-0.03299,0.00106,0.00532,0
2026-10-06T23:00:37.187,196083093,17.09,0.6033,8.3079,-5.1667,-0.03352,0.00106,0.00532,0
2026-10-06T23:00:37.283,196182089,17.12,0.6057,8.3007,-5.1427,-0.03352,0.0,0.00532,0
2026-10-06T23:00:37.589,196489089,17.14,0.5914,8.3103,-5.1691,-0.03406,0.0,0.00532,0
2026-10-06T23:00:38.112,197011089,17.17,0.6153,8.3175,-5.1499,-0.03299,0.00106,0.00532,0
2026-10-06T23:00:38.612,197509089,17.19,0.589,8.2959,-5.1834,-0.03352,0.00053,0.00585,0
2026-10-06T23:00:39.121,198021093,17.21,0.5794,8.2959,-5.1595,-0.03406,0.00053,0.00532,0
2026-10-06T23:00:39.631,198531216,17.24,0.5842,8.3175,-5.1715,-0.03299,0.00053,0.00585,0
2026-10-06T23:00:40.124,198969300,17.27,0.6129,8.2935,-5.1116,-0.03299,-0.00053,0.00585,0
2026-10-06T23:00:40.661,199560113,17.3,0.5962,8.2983,-5.1978,-0.03246,0.00053,0.00692,0
2026-10-06T23:00:41.073,199973089,17.32,0.6033,8.2863,-5.1667,-0.03352,0.00053,0.00585,0
2026-10-06T23:00:41.585,200482093,17.34,0.6057,8.3031,-5.1787,-0.03406,0.00106,0.00479,0
2026-10-06T23:00:42.096,200994107,17.34,0.6345,8.3079,-5.1763,-0.03299,0.00053,0.00532,0
2026-10-06T23:00:42.605,201505093,17.38,0.6153,8.2983,-5.1475,-0.03352,0.00053,0.00639,0
2026-10-06T23:00:43.117,202017089,17.42,0.5938,8.2959,-5.1164,-0.03352,0.00053,0.00479,0
2026-10-06T23:00:43.626,202526227,17.43,0.6081,8.351,-5.1763,-0.03193,0.00106,0.00585,0
2026-10-06T23:00:44.136,203035117,17.48,0.577,8.3079,-5.1787,-0.03299,0.0,0.00639,0
2026-10-06T23:00:44.647,203545236,17.48,0.6081,8.3127,-5.1858,-0.03299,0.0016,0.00585,0
2026-10-06T23:00:47.825,206725089,17.64,0.589,8.3007,-5.1739,-0.03299,0.00106,0.00585,0
2026-10-06T23:00:47.924,206824093,17.63,0.6033,8.2911,-5.1739,-0.03246,0.0,0.00585,0
2026-10-06T23:00:48.023,206923093,17.64,0.6033,8.3079,-5.1691,-0.03352,0.00106,0.00532,0
2026-10-06T23:00:48.133,207030094,17.66,0.5914,8.3055,-5.1882,-0.03299,0.0,0.00585,0
2026-10-06T23:00:48.235,207132093,17.65,0.6105,8.2887,-5.1451,-0.03352,0.00106,0.00639,0
2026-10-06T23:00:48.336,207234225,17.65,0.5794,8.3031,-5.1595,-0.03299,0.00106,0.00532,0
2026-10-06T23:00:48.421,207320262,17.65,0.5818,8.3342,-5.1595,-0.03299,0.00106,0.00532,0
2026-10-06T23:00:48.637,207536092,17.66,0.5914,8.3222,-5.1834,-0.03352,0.00106,0.00479,0
2026-10-06T23:00:49.159,208059114,17.71,0.5938,8.2983,-5.1475,-0.03406,0.00053,0.00585,0
2026-10-06T23:00:49.643,208484101,17.74,0.5818,8.3007,-5.193,-0.03406,0.00106,0.00532,0
2026-10-06T23:00:50.071,208968216,17.75,0.6249,8.3366,-5.1667,-0.03352,0.00106,0.00585,0
2026-10-06T23:00:50.580,209480228,17.78,0.6105,8.3175,-5.1667,-0.03406,0.0016,0.00532,0
2026-10-06T23:00:51.104,210003093,17.8,0.6129,8.3103,-5.1715,-0.03299,0.00053,0.00639,0
2026-10-06T23:00:51.618,210518145,17.83,0.6201,8.3294,-5.1427,-0.03406,0.00106,0.00585,0
2026-10-06T23:00:52.128,211028097,17.85,0.6129,8.2983,-5.1451,-0.03352,0.0,0.00585,0
2026-10-06T23:00:52.638,211538118,17.88,0.577,8.3103,-5.1308,-0.03406,0.00106,0.00585,0
2026-10-06T23:00:53.149,212048176,17.92,0.6081,8.3199,-5.1523,-0.03299,0.00106,0.00585,0
2026-10-06T23:00:53.633,212473149,17.93,0.6057,8.3127,-5.1691,-0.03352,-0.00053,0.00639,0
2026-10-06T23:00:54.071,212971096,17.94,0.5746,8.2935,-5.1715,-0.03406,0.0,0.00585,0
2026-10-06T23:00:54.580,213480115,17.98,0.6033,8.3103,-5.1475,-0.03299,0.00106,0.00532,0
2026-10-06T23:00:55.089,213989093,18.0,0.5938,8.3127,-5.1667,-0.03352,0.00053,0.00585,0
2026-10-06T23:00:55.600,214500089,18.03,0.5794,8.2863,-5.1499,-0.03352,0.0,0.00532,0
2026-10-06T23:00:58.878,217777218,18.17,0.6009,8.2983,-5.1308,-0.03246,0.00053,0.00585,0
2026-10-06T23:00:58.978,217878089,18.17,0.6105,8.3222,-5.1427,-0.03406,0.00106,0.00639,0
2026-10-06T23:00:59.080,217979160,18.18,0.5746,8.3031,-5.1356,-0.03406,0.00053,0.00532,0
2026-10-06T23:00:59.178,218079272,18.19,0.6009,8.3127,-5.1667,-0.03406,0.00053,0.00585,0
2026-10-06T23:00:59.263,218118093,18.19,0.6033,8.3103,-5.1715,-0.03352,0.00053,0.00585,0
2026-10-06T23:00:59.365,218202089,18.17,0.5938,8.351,-5.1571,-0.03406,0.00053,0.00639,0
2026-10-06T23:00:59.458,218302139,18.22,0.589,8.3007,-5.1427,-0.03352,0.00213,0.00532,0
2026-10-06T23:00:59.595,218495093,18.2,0.5914,8.2959,-5.1356,-0.03352,0.00053,0.00585,0
2026-10-06T23:01:00.105,219005093,18.21,0.5698,8.2887,-5.1643,-0.03406,0.0,0.00532,0
2026-10-06T23:01:00.623,219516089,18.23,0.5602,8.3199,-5.1092,-0.03299,0.00106,0.00532,0
2026-10-06T23:01:01.125,220025093,18.28,0.577,8.2959,-5.1547,-0.03352,0.00106,0.00639,0
2026-10-06T23:01:01.645,220546149,18.29,0.5938,8.3007,-5.1523,-0.03352,0.00106,0.00532,0
2026-10-06T23:01:02.154,221054089,18.33,0.6081,8.3151,-5.1332,-0.03299,0.0,0.00585,0
2026-10-06T23:01:02.664,221564093,18.34,0.6033,8.3079,-5.1284,-0.03406,0.0,0.00639,0
2026-10-06T23:01:03.078,221978089,18.37,0.5962,8.3079,-5.1834,-0.03352,0.0,0.00585,0
2026-10-06T23:01:03.587,222487093,18.37,0.6009,8.3438,-5.1619,-0.03352,0.0,0.00639,0
2026-10-06T23:01:04.096,222996235,18.42,0.6177,8.327,-5.1475,-0.03246,0.00053,0.00585,0
2026-10-06T23:01:04.606,223506093,18.43,0.5866,8.3151,-5.1595,-0.03299,0.0,0.00532,0
2026-10-06T23:01:05.118,224018089,18.44,0.6321,8.3199,-5.1643,-0.03352,-0.00106,0.00585,0
2026-10-06T23:01:05.628,224528093,18.46,0.5986,8.2959,-5.1643,-0.03299,0.00106,0.00639,0
2026-10-06T23:01:06.137,225037089,18.49,0.5986,8.3222,-5.1643,-0.03352,0.00053,0.00585,0
2026-10-06T23:01:06.648,225547101,18.51,0.577,8.3151,-5.1571,-0.03352,0.0,0.00639,0
2026-10-06T23:01:09.830,228729089,18.64,0.6033,8.3079,-5.1619,-0.03352,0.00106,0.00639,0
2026-10-06T23:01:09.918,228818231,18.66,0.5962,8.3055,-5.1691,-0.03352,0.00053,0.00585,0
2026-10-06T23:01:10.013,228859093,18.66,0.5938,8.3127,-5.1404,-0.03299,0.00053,0.00585,0
2026-10-06T23:01:10.107,228955253,18.65,0.6033,8.3151,-5.1356,-0.03352,0.00053,0.00639,0
2026-10-06T23:01:10.208,229051089,18.65,0.5842,8.3127,-5.1284,-0.03246,0.00053,0.00532,0
2026-10-06T23:01:10.239,229137089,18.65,0.5842,8.2935,-5.1164,-0.03406,0.00106,0.00585,0
2026-10-06T23:01:10.330,229229206,18.66,0.6009,8.3079,-5.1499,-0.03352,0.0016,0.00585,0
2026-10-06T23:01:10.618,229474213,18.67,0.6009,8.3151,-5.1404,-0.03352,0.00053,0.00639,0
2026-10-06T23:01:11.151,230051090,18.7,0.5842,8.3175,-5.1739,-0.03299,0.00106,0.00532,0
2026-10-06T23:01:11.675,230573089,18.73,0.5818,8.3055,-5.1284,-0.03299,0.00053,0.00479,0
2026-10-06T23:01:12.080,230980089,18.75,0.565,8.3127,-5.1739,-0.03406,-0.00053,0.00585,0
2026-10-06T23:01:12.666,231502191,18.77,0.5698,8.3222,-5.1547,-0.03299,0.00106,0.00532,0
2026-10-06T23:01:13.099,231997089,18.78,0.589,8.3127,-5.126,-0.03299,0.00053,0.00532,0
2026-10-06T23:01:13.610,232508093,18.8,0.6009,8.327,-5.1763,-0.03352,0.00106,0.00639,0
2026-10-06T23:01:14.128,233029149,18.82,0.5698,8.339,-5.1523,-0.03352,0.0,0.00639,0
2026-10-06T23:01:14.623,233524097,18.84,0.6081,8.3127,-5.1451,-0.03406,0.00106,0.00585,0
2026-10-06T23:01:15.143,234043189,18.87,0.5794,8.2983,-5.1595,-0.03352,0.00053,0.00585,0
2026-10-06T23:01:15.627,234480258,18.87,0.5962,8.3079,-5.1212,-0.03352,0.0016,0.00639,0
2026-10-06T23:01:16.170,235071089,18.89,0.6177,8.3055,-5.1691,-0.03299,0.00106,0.00585,0
2026-10-06T23:01:16.584,235484093,18.9,0.6129,8.2935,-5.1858,-0.03352,0.00053,0.00532,0
2026-10-06T23:01:17.093,235994089,18.94,0.5914,8.3127,-5.1691,-0.03406,0.00053,0.00585,0
2026-10-06T23:01:17.603,236503093,18.96,0.6033,8.2815,-5.126,-0.03352,0.00106,0.00585,0
2026-10-06T23:01:20.878,239778089,19.08,0.6009,8.3294,-5.1164,-0.03352,0.00053,0.00639,0
2026-10-06T23:01:20.978,239878093,19.08,0.6009,8.3175,-5.1427,-0.03352,0.00106,0.00585,0
2026-10-06T23:01:21.050,239921246,19.08,0.6057,8.3103,-5.126,-0.03299,0.0,0.00585,0
2026-10-06T23:01:21.092,239993089,19.09,0.6009,8.3103,-5.1284,-0.03352,0.0016,0.00585,0
2026-10-06T23:01:21.183,240083089,19.08,0.5842,8.3151,-5.0973,-0.03352,0.0016,0.00585,0
2026-10-06T23:01:21.268,240124094,19.08,0.577,8.3222,-5.1451,-0.03299,0.00053,0.00585,0
2026-10-06T23:01:21.366,240208089,19.07,0.6105,8.3031,-5.1619,-0.03352,0.0016,0.00585,0
2026-10-06T23:01:21.669,240511223,19.1,0.6057,8.3175,-5.1619,-0.03352,0.0016,0.00532,0
2026-10-06T23:01:22.109,241009089,19.13,0.5962,8.2887,-5.1332,-0.03459,0.00106,0.00585,0
2026-10-06T23:01:22.619,241519093,19.13,0.5722,8.2959,-5.1284,-0.03299,0.00053,0.00585,0
2026-10-06T23:01:23.118,242018230,19.15,0.5866,8.2887,-5.1547,-0.03352,0.0,0.00639,0
2026-10-06T23:01:23.643,242541093,19.19,0.6009,8.3222,-5.1116,-0.03352,0.00106,0.00692,0
2026-10-06T23:01:24.158,243052089,19.2,0.5746,8.3127,-5.138,-0.03299,0.0016,0.00585,0
2026-10-06T23:01:24.664,243563093,19.22,0.5914,8.3151,-5.1739,-0.03352,0.00053,0.00585,0
2026-10-06T23:01:25.076,243975089,19.23,0.6105,8.3103,-5.1763,-0.03406,0.0,0.00585,0
2026-10-06T23:01:25.586,244484093,19.25,0.577,8.3103,-5.1499,-0.03352,0.00106,0.00639,0
2026-10-06T23:01:26.099,244994089,19.29,0.589,8.3007,-5.1619,-0.03299,0.00053,0.00532,0
2026-10-06T23:01:26.618,245515242,19.3,0.5794,8.3246,-5.1619,-0.03352,0.0016,0.00639,0
2026-10-06T23:01:27.124,246025248,19.31,0.5986,8.3079,-5.1978,-0.03406,0.0016,0.00639,0
2026-10-06T23:01:27.636,246536244,19.32,0.5962,8.3342,-5.1858,-0.03246,0.00053,0.00639,0
2026-10-06T23:01:28.148,247048093,19.35,0.5746,8.3007,-5.1284,-0.03299,0.0016,0.00639,0
2026-10-06T23:01:28.659,247559093,19.39,0.5914,8.3175,-5.1691,-0.03352,0.00106,0.00532,0
2026-10-06T23:01:31.829,250728089,19.48,0.5914,8.3294,-5.1212,-0.03352,0.00106,0.00532,0
2026-10-06T23:01:32.011,250842124,19.49,0.6081,8.3151,-5.138,-0.03299,0.00053,0.00639,0
2026-10-06T23:01:32.109,250953129,19.5,0.6177,8.2863,-5.1595,-0.03246,0.0016,0.00585,0
2026-10-06T23:01:32.211,251039257,19.51,0.6033,8.3007,-5.1116,-0.03352,0.00106,0.00692,0
2026-10-06T23:01:32.313,251165185,19.5,0.5818,8.3175,-5.138,-0.03352,0.00053,0.00585,0
2026-10-06T23:01:32.418,251250093,19.52,0.5914,8.3199,-5.138,-0.03406,0.00106,0.00585,0
2026-10-06T23:01:32.518,251370175,19.52,0.6081,8.3246,-5.1595,-0.03352,0.00106,0.00692,0
2026-10-06T23:01:32.619,251477097,19.52,0.5938,8.2959,-5.1356,-0.03352,0.00106,0.00639,0
2026-10-06T23:01:33.156,252057093,19.53,0.589,8.2935,-5.1571,-0.03352,0.00106,0.00639,0
2026-10-06T23:01:33.669,252566089,19.54,0.5746,8.3055,-5.1643,-0.03352,0.0016,0.00585,0
2026-10-06T23:01:34.079,252980093,19.57,0.5866,8.2935,-5.1427,-0.03299,0.0016,0.00692,0
2026-10-06T23:01:34.590,253490089,19.6,0.589,8.2983,-5.1092,-0.03352,0.00106,0.00639,0
2026-10-06T23:01:35.110,254001093,19.61,0.6057,8.3199,-5.1427,-0.03299,0.00053,0.00532,0
2026-10-06T23:01:35.608,254509131,19.6,0.5986,8.3127,-5.1643,-0.03299,0.0,0.00692,0
2026-10-06T23:01:36.119,255019237,19.64,0.6129,8.3342,-5.1332,-0.03299,0.00053,0.00532,0
2026-10-06T23:01:36.640,255540093,19.67,0.5938,8.3414,-5.1404,-0.03352,0.0,0.00639,0
2026-10-06T23:01:37.149,256050165,19.67,0.6081,8.3103,-5.1356,-0.03299,0.0,0.00585,0
2026-10-06T23:01:37.563,256464098,19.69,0.6009,8.327,-5.1236,-0.03352,0.00106,0.00585,0
2026-10-06T23:01:38.073,256974089,19.71,0.5986,8.3031,-5.1332,-0.03406,0.00053,0.00585,0
2026-10-06T23:01:38.584,257485093,19.72,0.589,8.3246,-5.1332,-0.03406,0.00106,0.00639,0
2026-10-06T23:01:39.094,257994089,19.74,0.5986,8.3318,-5.1571,-0.03406,0.0,0.00585,0
2026-10-06T23:01:39.607,258505093,19.75,0.6225,8.3199,-5.1284,-0.03459,0.00106,0.00639,0
2026-10-06T23:01:42.886,261787089,19.87,0.5962,8.3318,-5.1475,-0.03299,0.0016,0.00639,0
2026-10-06T23:01:42.988,261887093,19.87,0.5866,8.3007,-5.1427,-0.03459,0.00053,0.00639,0
2026-10-06T23:01:43.166,261989089,19.88,0.5818,8.2887,-5.1236,-0.03352,0.00106,0.00639,0
2026-10-06T23:01:43.284,262182093,19.87,0.6201,8.3175,-5.1643,-0.03352,0.00053,0.00585,0
2026-10-06T23:01:43.388,262289097,19.87,0.5842,8.2935,-5.1284,-0.03299,0.00053,0.00532,0
2026-10-06T23:01:43.497,262395097,19.89,0.6297,8.2959,-5.1236,-0.03299,0.00053,0.00692,0
2026-10-06T23:01:43.592,262493133,19.87,0.5842,8.3007,-5.1116,-0.03352,0.00106,0.00585,0
2026-10-06T23:01:43.687,262589097,19.87,0.6105,8.3222,-5.1595,-0.03352,0.00106,0.00639,0
2026-10-06T23:01:44.102,263002239,19.9,0.5794,8.3342,-5.1643,-0.03299,0.00053,0.00639,0
2026-10-06T23:01:44.625,263526089,19.92,0.6081,8.3079,-5.1643,-0.03406,0.0016,0.00532,0
2026-10-06T23:01:45.137,264037093,19.92,0.5914,8.3151,-5.1308,-0.03406,0.0016,0.00639,0
2026-10-06T23:01:45.646,264547089,19.96,0.5986,8.2863,-5.1332,-0.03352,0.00213,0.00585,0
2026-10-06T23:01:46.156,265057097,19.96,0.6153,8.339,-5.1858,-0.03352,0.00106,0.00639,0
2026-10-06T23:01:46.666,265567089,19.99,0.5914,8.3222,-5.0901,-0.03299,0.00213,0.00692,0
2026-10-06T23:01:47.084,265982093,19.98,0.6369,8.3294,-5.1475,-0.03406,0.0016,0.00639,0
2026-10-06T23:01:47.590,266490117,20.02,0.5962,8.3222,-5.1499,-0.03352,0.00106,0.00639,0
2026-10-06T23:01:48.102,267000093,20.02,0.5962,8.3175,-5.1571,-0.03352,0.00053,0.00692,0
2026-10-06T23:01:48.688,267548101,20.05,0.6009,8.3151,-5.1116,-0.03352,0.0016,0.00692,0
2026-10-06T23:01:49.133,268029143,20.06,0.5866,8.3031,-5.1547,-0.03352,0.00053,0.00639,0
2026-10-06T23:01:49.641,268537093,20.08,0.5914,8.3366,-5.1499,-0.03352,0.00106,0.00692,0
2026-10-06T23:01:50.145,269046089,20.12,0.6057,8.3246,-5.1571,-0.03406,0.00213,0.00585,0
2026-10-06T23:01:50.727,269569089,20.13,0.5866,8.3031,-5.1451,-0.03406,0.00106,0.00479,0
2026-10-06T23:01:53.840,272737089,20.21,0.6033,8.3414,-5.1188,-0.03352,0.00106,0.00639,0
2026-10-06T23:01:54.010,272847089,20.21,0.5459,8.2935,-5.1332,-0.03299,0.00106,0.00692,0
2026-10-06T23:01:54.122,272950093,20.23,0.5722,8.3318,-5.1332,-0.03299,0.00106,0.00639,0
2026-10-06T23:01:54.206,273063128,20.23,0.6129,8.3031,-5.1356,-0.03299,0.0016,0.00692,0
2026-10-06T23:01:54.248,273147219,20.24,0.6105,8.3222,-5.1691,-0.03352,0.00106,0.00585,0
2026-10-06T23:01:54.348,273250089,20.24,0.5962,8.3079,-5.126,-0.03352,0.00106,0.00585,0
2026-10-06T23:01:54.452,273350097,20.24,0.6033,8.2959,-5.1356,-0.03406,0.00106,0.00585,0
2026-10-06T23:01:54.649,273551092,20.25,0.589,8.2935,-5.1451,-0.03406,0.0016,0.00639,0
2026-10-06T23:01:55.230,274072093,20.23,0.589,8.3222,-5.1308,-0.03352,0.00106,0.00639,0
2026-10-06T23:01:55.747,274581090,20.27,0.6201,8.3222,-5.1092,-0.03352,0.0016,0.00585,0
2026-10-06T23:01:56.081,274982215,20.29,0.6153,8.2839,-5.1164,-0.03352,0.00106,0.00639,0
2026-10-06T23:01:56.603,275504089,20.29,0.5986,8.327,-5.1523,-0.03352,0.0016,0.00639,0
2026-10-06T23:01:57.103,276002242,20.3,0.5866,8.3151,-5.138,-0.03352,0.00053,0.00798,0
2026-10-06T23:01:57.684,276527089,20.34,0.5842,8.3031,-5.1427,-0.03299,0.00213,0.00639,0
2026-10-06T23:01:58.196,277039093,20.34,0.6057,8.3031,-5.1547,-0.03299,0.00053,0.00692,0
2026-10-06T23:01:58.636,277537093,20.34,0.6033,8.3486,-5.1188,-0.03299,0.0016,0.00585,0
2026-10-06T23:01:59.158,278059093,20.35,0.6033,8.327,-5.1595,-0.03352,0.0016,0.00585,0
2026-10-06T23:01:59.742,278580093,20.4,0.589,8.3318,-5.1188,-0.03299,0.00106,0.00692,0
2026-10-06T23:02:00.068,278968172,20.41,0.6009,8.327,-5.1164,-0.03352,0.0016,0.00639,0
2026-10-06T23:02:00.591,279490089,20.4,0.6201,8.3151,-5.1332,-0.03352,0.0016,0.00585,0
2026-10-06T23:02:01.091,279990089,20.45,0.589,8.3294,-5.1858,-0.03299,0.00053,0.00585,0
2026-10-06T23:02:01.612,280512169,20.46,0.5986,8.3079,-5.1332,-0.03299,0.00106,0.00585,0
2026-10-06T23:02:04.957,283799089,20.55,0.5842,8.327,-5.1571,-0.03299,0.0016,0.00639,0
2026-10-06T23:02:05.061,283899093,20.54,0.5962,8.3342,-5.1427,-0.03459,0.00106,0.00585,0
2026-10-06T23:02:05.162,284001089,20.54,0.6225,8.2983,-5.1284,-0.03352,0.00053,0.00639,0
2026-10-06T23:02:05.192,284090244,20.56,0.6129,8.3222,-5.1404,-0.03352,0.0016,0.00639,0
2026-10-06T23:02:05.288,284189093,20.55,0.577,8.3151,-5.1212,-0.03352,0.00106,0.00639,0
2026-10-06T23:02:05.367,284216821,20.56,0.5866,8.3294,-5.1643,-0.03299,0.00213,0.00639,0
2026-10-06T23:02:05.404,284305089,20.54,0.6081,8.3342,-5.1188,-0.03299,0.00106,0.00692,0
2026-10-06T23:02:05.589,284489089,20.56,0.6177,8.3414,-5.1308,-0.03352,0.00106,0.00585,0
2026-10-06T23:02:06.101,284999223,20.56,0.5722,8.3031,-5.1356,-0.03406,0.0016,0.00639,0
2026-10-06T23:02:06.618,285519093,20.6,0.6057,8.3318,-5.1236,-0.03352,0.00213,0.00639,0
2026-10-06T23:02:07.128,286029091,20.59,0.6177,8.3031,-5.1212,-0.03352,0.00106,0.00639,0
2026-10-06T23:02:07.639,286540093,20.61,0.589,8.3055,-5.1284,-0.03459,0.00053,0.00692,0
2026-10-06T23:02:08.149,287051089,20.6,0.6033,8.3079,-5.1116,-0.03352,0.0016,0.00585,0
2026-10-06T23:02:08.670,287572089,20.64,0.5938,8.2983,-5.1451,-0.03352,0.0016,0.00639,0
2026-10-06T23:02:09.153,287996093,20.64,0.5794,8.3079,-5.1212,-0.03352,0.00106,0.00639,0
2026-10-06T23:02:09.591,288493089,20.67,0.6105,8.3294,-5.1595,-0.03406,0.00266,0.00585,0
2026-10-06T23:02:10.169,289015143,20.68,0.589,8.3055,-5.1356,-0.03406,0.0016,0.00639,0
2026-10-06T23:02:10.609,289511089,20.69,0.6105,8.3127,-5.1212,-0.03406,0.0016,0.00532,0
2026-10-06T23:02:11.131,290032090,20.69,0.6009,8.3342,-5.1475,-0.03352,0.0016,0.00532,0
2026-10-06T23:02:11.603,290460089,20.74,0.577,8.3222,-5.1068,-0.03299,0.00053,0.00692,0
2026-10-06T23:02:12.149,291051089,20.73,0.5866,8.3175,-5.1499,-0.03459,0.0016,0.00639,0
2026-10-06T23:02:12.627,291477143,20.74,0.5794,8.3438,-5.1116,-0.03299,0.0016,0.00639,0
2026-10-06T23:02:15.839,294741325,20.84,0.6057,8.3055,-5.1332,-0.03406,0.00106,0.00692,0
2026-10-06T23:02:15.929,294830089,20.84,0.6225,8.3246,-5.1427,-0.03352,0.00106,0.00585,0
2026-10-06T23:02:16.026,294927239,20.84,0.589,8.3175,-5.138,-0.03352,0.00053,0.00639,0
2026-10-06T23:02:16.106,294965097,20.85,0.6345,8.3342,-5.0949,-0.03406,0.00053,0.00692,0
2026-10-06T23:02:16.144,295039259,20.85,0.6033,8.3366,-5.0996,-0.03299,0.00106,0.00639,0
2026-10-06T23:02:16.238,295138144,20.86,0.5818,8.339,-5.1332,-0.03352,0.00106,0.00692,0
2026-10-06T23:02:16.316,295167718,20.87,0.5722,8.3294,-5.1571,-0.03299,0.00053,0.00639,0
2026-10-06T23:02:16.623,295471089,20.87,0.5986,8.3462,-5.1356,-0.03352,0.0016,0.00585,0
2026-10-06T23:02:17.163,296064089,20.9,0.589,8.327,-5.1571,-0.03352,0.0016,0.00639,0
2026-10-06T23:02:17.580,296479093,20.89,0.6057,8.3103,-5.114,-0.03406,0.00213,0.00639,0
2026-10-06T23:02:18.083,296980108,20.92,0.589,8.3246,-5.1571,-0.03299,0.00213,0.00692,0
2026-10-06T23:02:18.595,297495089,20.92,0.5842,8.3318,-5.1571,-0.03352,0.0016,0.00692,0
2026-10-06T23:02:19.106,298005093,20.93,0.5938,8.327,-5.1284,-0.03352,0.00053,0.00639,0
2026-10-06T23:02:19.623,298525093,20.95,0.6249,8.3342,-5.1332,-0.03352,0.0016,0.00585,0
2026-10-06T23:02:20.129,299024123,20.97,0.5986,8.3246,-5.1332,-0.03299,0.0016,0.00692,0
2026-10-06T23:02:20.642,299544093,20.99,0.6201,8.3222,-5.1236,-0.03406,0.00106,0.00745,0
2026-10-06T23:02:21.154,300056101,21.0,0.6057,8.3127,-5.1451,-0.03352,0.00106,0.00585,0
2026-10-06T23:02:21.641,300482097,20.99,0.589,8.3199,-5.1092,-0.03352,0.00106,0.00692,0
2026-10-06T23:02:22.076,300978089,21.02,0.6129,8.3103,-5.1475,-0.03299,0.0016,0.00639,0
2026-10-06T23:02:22.589,301487120,21.03,0.6201,8.3222,-5.0661,-0.03352,0.00053,0.00585,0
2026-10-06T23:02:23.100,301995090,21.05,0.6129,8.3558,-5.1188,-0.03406,0.00213,0.00692,0
2026-10-06T23:02:23.615,302517089,21.06,0.6033,8.3222,-5.126,-0.03299,0.0016,0.00585,0
2026-10-06T23:02:26.888,305783089,21.15,0.589,8.3055,-5.0709,-0.03352,0.00213,0.00639,0
2026-10-06T23:02:26.983,305884248,21.16,0.6105,8.3007,-5.1308,-0.03406,0.00106,0.00585,0
2026-10-06T23:02:27.165,306007097,21.15,0.5986,8.2911,-5.1595,-0.03299,0.00106,0.00692,0
2026-10-06T23:02:27.268,306117158,21.17,0.5938,8.3366,-5.1236,-0.03406,0.00106,0.00639,0
2026-10-06T23:02:27.299,306201089,21.17,0.589,8.3199,-5.1044,-0.03352,0.00266,0.00692,0
2026-10-06T23:02:27.387,306289089,21.17,0.5866,8.3199,-5.1356,-0.03406,0.00106,0.00692,0
2026-10-06T23:02:27.472,306316776,21.17,0.5722,8.3151,-5.1092,-0.03406,0.0016,0.00639,0
2026-10-06T23:02:27.605,306502093,21.16,0.6225,8.3222,-5.1404,-0.03352,0.0016,0.00639,0
2026-10-06T23:02:28.109,307011089,21.2,0.589,8.3294,-5.1739,-0.03299,0.00213,0.00639,0
2026-10-06T23:02:28.618,307520093,21.19,0.5842,8.3079,-5.1284,-0.03352,0.00106,0.00692,0
2026-10-06T23:02:29.141,308040093,21.22,0.6249,8.3342,-5.1356,-0.03352,0.0016,0.00692,0
2026-10-06T23:02:29.655,308549089,21.22,0.5914,8.327,-5.1188,-0.03299,0.0016,0.00639,0
2026-10-06T23:02:30.154,309056199,21.23,0.6201,8.3294,-5.1044,-0.03299,0.00106,0.00639,0
2026-10-06T23:02:30.678,309576093,21.24,0.6033,8.327,-5.1667,-0.03406,0.00213,0.00639,0
2026-10-06T23:02:31.073,309975093,21.27,0.6105,8.327,-5.1068,-0.03406,0.00213,0.00639,0
2026-10-06T23:02:31.584,310484235,21.26,0.5794,8.3246,-5.0733,-0.03406,0.00106,0.00692,0
2026-10-06T23:02:32.110,311008225,21.28,0.6153,8.3246,-5.1523,-0.03352,0.0016,0.00639,0
2026-10-06T23:02:32.623,311517238,21.3,0.6177,8.2983,-5.1164,-0.03459,0.0016,0.00639,0
2026-10-06T23:02:33.127,312027089,21.33,0.6009,8.339,-5.1308,-0.03352,0.00106,0.00585,0
2026-10-06T23:02:33.635,312537093,21.32,0.6033,8.3318,-5.1236,-0.03246,0.00213,0.00639,0
2026-10-06T23:02:34.160,313058147,21.33,0.589,8.3055,-5.1523,-0.03352,0.00106,0.00692,0
2026-10-06T23:02:34.669,313564089,21.36,0.6177,8.3151,-5.1499,-0.03352,0.0016,0.00692,0
2026-10-06T23:02:37.828,316730089,21.43,0.6153,8.3222,-5.1116,-0.03406,0.00213,0.00639,0
2026-10-06T23:02:37.947,316842089,21.43,0.6033,8.3055,-5.126,-0.03352,0.0016,0.00585,0
2026-10-06T23:02:38.039,316939247,21.44,0.589,8.3151,-5.1332,-0.03352,0.0016,0.00585,0
2026-10-06T23:02:38.140,317042244,21.44,0.5794,8.3462,-5.1044,-0.03406,0.00106,0.00639,0
2026-10-06T23:02:38.240,317141256,21.44,0.6105,8.3246,-5.126,-0.03406,0.0016,0.00639,0
2026-10-06T23:02:38.340,317243089,21.44,0.5818,8.3294,-5.1284,-0.03406,0.0016,0.00692,0
2026-10-06T23:02:38.441,317343093,21.45,0.589,8.3103,-5.0996,-0.03299,0.00106,0.00692,0
2026-10-06T23:02:38.620,317455093,21.46,0.6009,8.351,-5.1499,-0.03406,0.0016,0.00639,0
2026-10-06T23:02:39.161,318062089,21.48,0.6081,8.3055,-5.1188,-0.03406,0.00213,0.00639,0
2026-10-06T23:02:39.572,318474093,21.49,0.6105,8.3031,-5.1116,-0.03352,0.0016,0.00639,0
2026-10-06T23:02:40.082,318984089,21.48,0.6033,8.3342,-5.1595,-0.03352,0.0016,0.00692,0
2026-10-06T23:02:40.592,319494093,21.5,0.6201,8.3318,-5.1356,-0.03352,0.0016,0.00692,0
2026-10-06T23:02:41.118,320015093,21.52,0.6033,8.3318,-5.1188,-0.03406,0.00213,0.00639,0
2026-10-06T23:02:41.623,320523089,21.52,0.6249,8.2911,-5.1547,-0.03352,0.00053,0.00692,0
2026-10-06T23:02:42.132,321034093,21.54,0.6057,8.3366,-5.1212,-0.03406,0.00213,0.00639,0
2026-10-06T23:02:42.641,321543089,21.57,0.5914,8.3175,-5.1068,-0.03352,0.0016,0.00639,0
2026-10-06T23:02:43.152,322053135,21.58,0.5938,8.3438,-5.1451,-0.03299,0.0016,0.00639,0
2026-10-06T23:02:43.567,322469089,21.59,0.6129,8.3151,-5.0996,-0.03406,0.00213,0.00692,0
2026-10-06T23:02:44.077,322979093,21.58,0.6033,8.3318,-5.1643,-0.03299,0.0016,0.00639,0
2026-10-06T23:02:44.587,323489089,21.62,0.5962,8.3127,-5.126,-0.03459,0.00106,0.00692,0
2026-10-06T23:02:45.168,324011143,21.63,0.6321,8.2983,-5.1164,-0.03352,0.00106,0.00692,0
2026-10-06T23:02:45.605,324507167,21.64,0.6345,8.3151,-5.1356,-0.03459,0.00213,0.00639,0
2026-10-06T23:02:48.787,327689246,21.72,0.5794,8.3079,-5.1451,-0.03352,0.00106,0.00639,0
2026-10-06T23:02:48.886,327789089,21.7,0.5866,8.3079,-5.1068,-0.03352,0.00213,0.00692,0
2026-10-06T23:02:49.057,327901225,21.7,0.565,8.3079,-5.1164,-0.03352,0.00053,0.00692,0
2026-10-06T23:02:49.160,328001096,21.73,0.6201,8.3294,-5.114,-0.03352,0.0016,0.00692,0
2026-10-06T23:02:49.269,328112133,21.73,0.6105,8.3558,-5.1092,-0.03352,0.00106,0.00639,0
2026-10-06T23:02:49.364,328214225,21.73,0.6201,8.3151,-5.1092,-0.03406,0.0016,0.00692,0
2026-10-06T23:02:49.400,328302089,21.74,0.5962,8.3318,-5.1475,-0.03299,0.00213,0.00692,0
2026-10-06T23:02:49.597,328499093,21.72,0.5914,8.3127,-5.1308,-0.03352,0.00213,0.00692,0
2026-10-06T23:02:50.108,329010089,21.75,0.5986,8.3151,-5.1571,-0.03406,0.0016,0.00585,0
2026-10-06T23:02:50.631,329532143,21.76,0.5914,8.3342,-5.1212,-0.03299,0.00106,0.00639,0
2026-10-06T23:02:51.141,330044293,21.76,0.5962,8.3342,-5.1068,-0.03406,0.00106,0.00692,0
2026-10-06T23:02:51.622,330468147,21.82,0.5986,8.3222,-5.138,-0.03352,0.0016,0.00692,0
2026-10-06T23:02:52.239,331097089,21.81,0.5914,8.339,-5.1044,-0.03352,0.0016,0.00692,0
2026-10-06T23:02:52.568,331471089,21.82,0.589,8.3199,-5.0996,-0.03406,0.00213,0.00585,0
2026-10-06T23:02:53.079,331981093,21.83,0.5794,8.3342,-5.138,-0.03352,0.0016,0.00692,0
2026-10-06T23:02:53.588,332491089,21.82,0.5962,8.3127,-5.1284,-0.03459,0.0016,0.00585,0
2026-10-06T23:02:54.111,333013089,21.84,0.5746,8.3127,-5.1212,-0.03299,0.0016,0.00692,0
2026-10-06T23:02:54.620,333522093,21.86,0.6033,8.3151,-5.0829,-0.03352,0.00319,0.00639,0
2026-10-06T23:02:55.101,333961089,21.84,0.6081,8.3246,-5.1404,-0.03352,0.00213,0.00692,0
2026-10-06T23:02:55.637,334539093,21.87,0.5914,8.3031,-5.0996,-0.03459,0.00213,0.00692,0
2026-10-06T23:02:56.147,335049187,21.88,0.5818,8.3103,-5.1188,-0.03406,0.0016,0.00692,0
2026-10-06T23:02:56.660,335559093,21.9,0.5818,8.3151,-5.0901,-0.03299,0.0016,0.00692,0
2026-10-06T23:02:59.838,338741089,21.97,0.6081,8.2959,-5.1092,-0.03406,0.0016,0.00692,0
2026-10-06T23:02:59.929,338828185,21.97,0.6033,8.3103,-5.1236,-0.03459,0.0016,0.00639,0
2026-10-06T23:03:00.007,338871089,21.97,0.5962,8.3366,-5.1116,-0.03352,0.00213,0.00692,0
2026-10-06T23:03:00.044,338943240,21.96,0.6009,8.339,-5.126,-0.03352,0.0016,0.00585,0
2026-10-06T23:03:00.141,339042113,21.97,0.589,8.327,-5.114,-0.03352,0.00106,0.00639,0
2026-10-06T23:03:00.255,339156129,21.98,0.589,8.3103,-5.1404,-0.03406,0.00106,0.00585,0
2026-10-06T23:03:00.423,339265089,21.97,0.5986,8.327,-5.1451,-0.03406,0.00266,0.00639,0
2026-10-06T23:03:00.561,339464093,21.99,0.5986,8.2935,-5.1308,-0.03352,0.0016,0.00639,0
2026-10-06T23:03:01.266,340167089,21.99,0.5986,8.3222,-5.1499,-0.03406,0.00266,0.00692,0
2026-10-06T23:03:01.583,340486259,21.98,0.5746,8.3175,-5.1212,-0.03352,0.00266,0.00639,0
2026-10-06T23:03:02.090,340986093,22.02,0.6081,8.3222,-5.1212,-0.03406,0.00106,0.00745,0
2026-10-06T23:03:02.593,341496089,22.02,0.5818,8.3103,-5.0781,-0.03406,0.00213,0.00692,0
2026-10-06T23:03:03.102,342005235,22.04,0.6105,8.3175,-5.1116,-0.03406,0.0016,0.00692,0
2026-10-06T23:03:03.623,342526093,22.08,0.6129,8.3175,-5.1547,-0.03406,0.00106,0.00692,0
2026-10-06T23:03:04.132,343035089,22.07,0.6057,8.3414,-5.0685,-0.03299,0.00106,0.00692,0
2026-10-06T23:03:04.643,343545093,22.07,0.6033,8.3629,-5.1475,-0.03406,0.0016,0.00639,0
2026-10-06T23:03:05.061,343959219,22.1,0.5866,8.3222,-5.114,-0.03406,0.0016,0.00585,0
2026-10-06T23:03:05.675,344575089,22.08,0.6009,8.3199,-5.0949,-0.03406,0.00106,0.00692,0
2026-10-06T23:03:06.072,344975089,22.11,0.577,8.339,-5.0925,-0.03459,0.0016,0.00639,0
2026-10-06T23:03:06.691,345593089,22.11,0.5842,8.3175,-5.138,-0.03352,0.0016,0.00639,0
2026-10-06T23:03:07.104,346007093,22.14,0.5938,8.3151,-5.0494,-0.03299,0.00213,0.00692,0
2026-10-06T23:03:07.613,346516089,22.14,0.589,8.3151,-5.138,-0.03406,0.00213,0.00692,0
2026-10-06T23:03:10.782,349685089,22.19,0.5866,8.3127,-5.138,-0.03352,0.00213,0.00692,0
2026-10-06T23:03:10.879,349780236,22.2,0.6105,8.3222,-5.1068,-0.03352,0.0016,0.00639,0
2026-10-06T23:03:10.965,349808834,22.22,0.6153,8.3438,-5.1595,-0.03352,0.00266,0.00745,0
2026-10-06T23:03:11.067,349920182,22.22,0.6129,8.3199,-5.1451,-0.03352,0.0016,0.00585,0
2026-10-06T23:03:11.101,350005275,22.22,0.577,8.3031,-5.1092,-0.03352,0.00213,0.00639,0
2026-10-06T23:03:11.190,350093089,22.2,0.5674,8.2911,-5.1092,-0.03406,0.0016,0.00639,0
2026-10-06T23:03:11.273,350121862,22.21,0.5866,8.3055,-5.1308,-0.03406,0.0016,0.00639,0
2026-10-06T23:03:11.609,350511245,22.21,0.5914,8.3151,-5.114,-0.03406,0.00266,0.00639,0
2026-10-06T23:03:12.118,351021248,22.24,0.589,8.3318,-5.1332,-0.03352,0.00106,0.00745,0
2026-10-06T23:03:12.628,351531309,22.25,0.6153,8.3558,-5.1092,-0.03299,0.00213,0.00692,0
2026-10-06T23:03:13.138,352041248,22.25,0.5986,8.3294,-5.1308,-0.03352,0.00106,0.00692,0
2026-10-06T23:03:13.650,352552244,22.27,0.5866,8.3462,-5.0996,-0.03459,0.0016,0.00692,0
2026-10-06T23:03:14.161,353063534,22.3,0.5962,8.3246,-5.1499,-0.03352,0.00213,0.00692,0
2026-10-06T23:03:14.573,353475089,22.31,0.5818,8.3151,-5.1188,-0.03459,0.0016,0.00692,0
2026-10-06T23:03:15.083,353986093,22.3,0.5962,8.3222,-5.1332,-0.03352,0.00213,0.00639,0
2026-10-06T23:03:15.594,354497089,22.32,0.6129,8.339,-5.1332,-0.03459,0.00213,0.00745,0
2026-10-06T23:03:16.104,355007093,22.33,0.5986,8.3246,-5.138,-0.03406,0.0016,0.00639,0
2026-10-06T23:03:16.615,355518089,22.34,0.589,8.3294,-5.126,-0.03352,0.00106,0.00692,0
2026-10-06T23:03:17.125,356028093,22.36,0.5722,8.3079,-5.0949,-0.03352,0.00319,0.00745,0
2026-10-06T23:03:17.647,356550093,22.35,0.6033,8.327,-5.1356,-0.03406,0.0016,0.00692,0
2026-10-06T23:03:18.157,357059146,22.35,0.5986,8.3151,-5.1092,-0.03352,0.00106,0.00639,0
2026-10-06T23:03:18.672,357569226,22.39,0.5986,8.3342,-5.1451,-0.03459,0.00266,0.00639,0
2026-10-06T23:03:21.834,360737108,22.45,0.5674,8.2959,-5.0973,-0.03352,0.00266,0.00692,0
2026-10-06T23:03:21.930,360832187,22.47,0.589,8.3246,-5.1044,-0.03352,0.00106,0.00639,0
2026-10-06T23:03:22.036,360939250,22.47,0.5986,8.3246,-5.1332,-0.03406,0.0016,0.00692,0
2026-10-06T23:03:22.135,361037097,22.45,0.5938,8.3318,-5.1164,-0.03352,0.00213,0.00692,0
2026-10-06T23:03:22.232,361134093,22.48,0.589,8.3246,-5.0757,-0.03406,0.00106,0.00639,0
2026-10-06T23:03:22.322,361164733,22.47,0.5698,8.339,-5.1236,-0.03246,0.0016,0.00692,0
2026-10-06T23:03:22.350,361253146,22.46,0.6009,8.3246,-5.0901,-0.03352,0.0016,0.00639,0
2026-10-06T23:03:22.559,361461093,22.48,0.6009,8.3318,-5.0973,-0.03406,0.00213,0.00692,0
2026-10-06T23:03:23.165,362066228,22.49,0.5866,8.327,-5.1308,-0.03352,0.00213,0.00692,0
2026-10-06T23:03:23.578,362481093,22.48,0.589,8.3414,-5.0973,-0.03352,0.00213,0.00639,0
2026-10-06T23:03:24.096,362998122,22.48,0.5962,8.3486,-5.1212,-0.03352,0.00213,0.00585,0
2026-10-06T23:03:24.598,363499089,22.52,0.5818,8.3318,-5.0925,-0.03459,0.00213,0.00692,0
2026-10-06T23:03:25.110,364011093,22.53,0.5698,8.3462,-5.114,-0.03246,0.0016,0.00692,0
2026-10-06T23:03:25.618,364521089,22.54,0.5962,8.3414,-5.0829,-0.03299,0.00106,0.00639,0
2026-10-06T23:03:26.139,365042089,22.56,0.5914,8.3031,-5.0996,-0.03352,0.0016,0.00639,0
2026-10-06T23:03:26.648,365551093,22.55,0.589,8.3342,-5.0901,-0.03352,0.0016,0.00639,0
2026-10-06T23:03:27.157,366060214,22.56,0.6177,8.3438,-5.0973,-0.03406,0.00266,0.00639,0
2026-10-06T23:03:27.571,366474093,22.59,0.5626,8.3318,-5.1212,-0.03352,0.0016,0.00692,0
2026-10-06T23:03:28.081,366984089,22.57,0.6057,8.327,-5.0877,-0.03459,0.00213,0.00639,0
2026-10-06T23:03:28.591,367494093,22.59,0.5842,8.3366,-5.1164,-0.03299,0.00053,0.00639,0
2026-10-06T23:03:29.101,368004089,22.61,0.6009,8.3438,-5.0589,-0.03352,0.00053,0.00692,0
2026-10-06T23:03:29.612,368513093,22.62,0.5938,8.3294,-5.1188,-0.03352,0.00106,0.00692,0
2026-10-06T23:03:32.792,371695089,22.69,0.5914,8.3151,-5.0829,-0.03352,0.00213,0.00639,0
2026-10-06T23:03:32.880,371782169,22.69,0.5818,8.3318,-5.114,-0.03406,0.00213,0.00692,0
2026-10-06T23:03:32.987,371891093,22.68,0.5866,8.3175,-5.0949,-0.03406,0.00213,0.00692,0
2026-10-06T23:03:33.069,371917439,22.72,0.565,8.3318,-5.1092,-0.03459,0.0016,0.00639,0
2026-10-06T23:03:33.176,372015124,22.7,0.5914,8.3175,-5.1188,-0.03406,0.00106,0.00639,0
2026-10-06T23:03:33.198,372101177,22.69,0.6033,8.3414,-5.1068,-0.03352,0.00213,0.00639,0
2026-10-06T23:03:33.298,372201093,22.7,0.5866,8.3175,-5.1284,-0.03406,0.00213,0.00692,0
2026-10-06T23:03:33.606,372507093,22.71,0.6105,8.3079,-5.0949,-0.03352,0.0016,0.00692,0
2026-10-06T23:03:34.115,373018089,22.72,0.5746,8.3534,-5.0925,-0.03406,0.0016,0.00639,0
2026-10-06T23:03:34.625,373528093,22.72,0.6033,8.3294,-5.1116,-0.03406,0.00106,0.00745,0
2026-10-06T23:03:35.137,374039089,22.74,0.6225,8.3222,-5.114,-0.03406,0.00266,0.00639,0
2026-10-06T23:03:35.658,374561089,22.75,0.5938,8.3414,-5.1092,-0.03406,0.00319,0.00745,0
2026-10-06T23:03:36.168,375071093,22.76,0.6009,8.3175,-5.0805,-0.03352,0.00213,0.00692,0
2026-10-06T23:03:36.648,375485089,22.77,0.5842,8.3246,-5.0996,-0.03352,0.00213,0.00692,0
2026-10-06T23:03:37.081,375984195,22.79,0.5938,8.3175,-5.102,-0.03406,0.0016,0.00745,0
2026-10-06T23:03:37.591,376494246,22.79,0.5698,8.3318,-5.102,-0.03352,0.0016,0.00639,0
2026-10-06T23:03:38.112,377015093,22.8,0.5986,8.3151,-5.1308,-0.03352,0.0016,0.00639,0
2026-10-06T23:03:38.621,377524089,22.79,0.5818,8.3127,-5.0996,-0.03352,0.0016,0.00692,0
2026-10-06T23:03:39.132,378035093,22.82,0.6009,8.3127,-5.0973,-0.03352,0.0016,0.00692,0
2026-10-06T23:03:39.654,378557093,22.81,0.6057,8.3582,-5.0949,-0.03459,0.00213,0.00639,0
2026-10-06T23:03:40.164,379067109,22.84,0.5794,8.3222,-5.0613,-0.03459,0.00106,0.00692,0
2026-10-06T23:03:40.663,379566089,22.86,0.6009,8.3199,-5.0805,-0.03352,0.00213,0.00639,0
2026-10-06T23:03:43.842,382746093,22.9,0.6081,8.3151,-5.0757,-0.03406,0.00319,0.00692,0
2026-10-06T23:03:43.944,382846089,22.92,0.5794,8.3342,-5.114,-0.03406,0.00213,0.00692,0
2026-10-06T23:03:44.035,382936222,22.93,0.6033,8.3151,-5.0996,-0.03406,0.00213,0.00692,0
2026-10-06T23:03:44.146,383037097,22.92,0.5842,8.3103,-5.1236,-0.03352,0.00213,0.00745,0
2026-10-06T23:03:44.242,383146097,22.93,0.5914,8.3318,-5.0518,-0.03352,0.00213,0.00745,0
2026-10-06T23:03:44.343,383240257,22.91,0.5794,8.3582,-5.1475,-0.03406,0.00106,0.00692,0
2026-10-06T23:03:44.440,383345093,22.92,0.577,8.3175,-5.1044,-0.03406,0.00213,0.00692,0
2026-10-06T23:03:44.553,383456089,22.95,0.5842,8.3342,-5.0973,-0.03299,0.00213,0.00639,0
2026-10-06T23:03:45.172,384074089,22.95,0.6081,8.3246,-5.0757,-0.03352,0.0016,0.00745,0
2026-10-06T23:03:45.574,384474089,22.96,0.6009,8.3294,-5.0973,-0.03406,0.00266,0.00639,0
2026-10-06T23:03:46.092,384994089,22.97,0.6033,8.3079,-5.0949,-0.03352,0.00213,0.00639,0
2026-10-06T23:03:46.604,385506093,22.97,0.5818,8.3342,-5.1044,-0.03459,0.00213,0.00639,0
2026-10-06T23:03:47.116,386018089,23.01,0.5794,8.3414,-5.1475,-0.03406,0.00213,0.00692,0
2026-10-06T23:03:47.623,386527093,23.0,0.5842,8.3366,-5.0661,-0.03352,0.00213,0.00798,0
2026-10-06T23:03:48.135,387037089,23.0,0.5818,8.2911,-5.1092,-0.03352,0.0016,0.00639,0
2026-10-06T23:03:48.655,387559089,23.01,0.5914,8.3366,-5.102,-0.03459,0.00266,0.00639,0
2026-10-06T23:03:49.236,388082143,23.0,0.6057,8.339,-5.0996,-0.03459,0.00213,0.00585,0
2026-10-06T23:03:49.577,388481143,23.03,0.5914,8.3318,-5.114,-0.03352,0.00213,0.00745,0
2026-10-06T23:03:50.078,388980089,23.02,0.589,8.3438,-5.0973,-0.03352,0.00213,0.00692,0
2026-10-06T23:03:50.593,389491093,23.06,0.5866,8.3462,-5.126,-0.03352,0.00213,0.00639,0
2026-10-06T23:03:51.108,390012093,23.06,0.5842,8.3246,-5.0996,-0.03406,0.0016,0.00692,0
2026-10-06T23:03:51.608,390511093,23.09,0.5962,8.327,-5.114,-0.03352,0.00213,0.00692,0
2026-10-06T23:03:54.789,393690089,23.14,0.6033,8.3366,-5.0901,-0.03406,0.00213,0.00639,0
2026-10-06T23:03:54.890,393793093,23.13,0.5914,8.3175,-5.0685,-0.03352,0.0016,0.00692,0
2026-10-06T23:03:54.986,393889241,23.13,0.5986,8.3486,-5.0877,-0.03406,0.00213,0.00639,0
2026-10-06T23:03:55.071,393916707,23.15,0.5866,8.3127,-5.102,-0.03352,0.00106,0.00798,0
2026-10-06T23:03:55.174,394027206,23.15,0.5962,8.3294,-5.1116,-0.03406,0.0016,0.00692,0
2026-10-06T23:03:55.208,394111093,23.15,0.5531,8.327,-5.0996,-0.03352,0.0016,0.00745,0
2026-10-06T23:03:55.299,394201093,23.15,0.5962,8.339,-5.0877,-0.03406,0.0016,0.00639,0
2026-10-06T23:03:55.605,394507093,23.18,0.5866,8.3151,-5.0709,-0.03352,0.0016,0.00639,0
2026-10-06T23:03:56.125,395029093,23.17,0.5746,8.351,-5.1284,-0.03352,0.00213,0.00692,0
2026-10-06T23:03:56.625,395527225,23.19,0.5962,8.2983,-5.0949,-0.03299,0.00213,0.00745,0
2026-10-06T23:03:57.148,396050093,23.21,0.5698,8.339,-5.0973,-0.03352,0.00213,0.00745,0
2026-10-06T23:03:57.646,396550105,23.2,0.5938,8.3462,-5.0877,-0.03459,0.00266,0.00745,0
2026-10-06T23:03:58.167,397071093,23.2,0.5938,8.3175,-5.1212,-0.03406,0.0016,0.00692,0
2026-10-06T23:03:58.572,397475093,23.21,0.5698,8.3558,-5.114,-0.03406,0.00266,0.00692,0
2026-10-06T23:03:59.082,397986089,23.21,0.577,8.3414,-5.0877,-0.03459,0.00213,0.00692,0
2026-10-06T23:03:59.675,398519093,23.24,0.6057,8.3342,-5.0853,-0.03406,0.00213,0.00745,0
2026-10-06T23:04:00.186,399039258,23.23,0.577,8.3366,-5.1212,-0.03352,0.00213,0.00692,0
2026-10-06T23:04:00.620,399522089,23.25,0.6009,8.3366,-5.1092,-0.03459,0.00319,0.00639,0
2026-10-06T23:04:01.114,400017234,23.25,0.5866,8.3294,-5.126,-0.03299,0.00106,0.00639,0
2026-10-06T23:04:01.648,400551093,23.28,0.5842,8.3103,-5.0996,-0.03406,0.00213,0.00745,0
2026-10-06T23:04:02.156,401060089,23.28,0.5866,8.3318,-5.0853,-0.03459,0.00266,0.00692,0
2026-10-06T23:04:02.668,401568093,23.3,0.5866,8.351,-5.0829,-0.03406,0.0016,0.00639,0
2026-10-06T23:04:05.847,404749089,23.34,0.5986,8.3462,-5.1212,-0.03406,0.0016,0.00745,0
2026-10-06T23:04:05.947,404849093,23.35,0.5818,8.3366,-5.102,-0.03406,0.00106,0.00692,0
2026-10-06T23:04:06.047,404951089,23.34,0.5986,8.3151,-5.0685,-0.03406,0.00213,0.00692,0
2026-10-06T23:04:06.137,405038236,23.36,0.5794,8.3438,-5.0877,-0.03406,0.00266,0.00692,0
2026-10-06T23:04:06.224,405081201,23.35,0.5794,8.3606,-5.0973,-0.03406,0.00213,0.00692,0
2026-10-06T23:04:06.252,405153093,23.34,0.5794,8.3366,-5.0901,-0.03352,0.0016,0.00585,0
2026-10-06T23:04:06.350,405251149,23.37,0.5866,8.3414,-5.0853,-0.03406,0.00213,0.00639,0
2026-10-06T23:04:06.633,405476147,23.34,0.589,8.3342,-5.0709,-0.03352,0.00266,0.00639,0
2026-10-06T23:04:07.170,406070104,23.36,0.5914,8.327,-5.0925,-0.03352,0.00319,0.00639,0
2026-10-06T23:04:07.592,406495147,23.38,0.5746,8.3366,-5.0709,-0.03459,0.00213,0.00745,0
2026-10-06T23:04:08.095,406996093,23.39,0.5866,8.3318,-5.0566,-0.03406,0.0016,0.00745,0
2026-10-06T23:04:08.603,407504089,23.38,0.5746,8.3318,-5.0829,-0.03406,0.00213,0.00692,0
2026-10-06T23:04:09.112,408012093,23.4,0.5722,8.3294,-5.114,-0.03352,0.0016,0.00639,0
2026-10-06T23:04:09.627,408530093,23.44,0.6033,8.327,-5.1116,-0.03406,0.0016,0.00639,0
2026-10-06T23:04:10.137,409040089,23.42,0.5794,8.3318,-5.1044,-0.03352,0.00213,0.00745,0
2026-10-06T23:04:10.649,409550093,23.43,0.6201,8.3342,-5.1068,-0.03406,0.00266,0.00745,0
2026-10-06T23:04:11.170,410072093,23.43,0.5794,8.3199,-5.1068,-0.03406,0.0016,0.00692,0
2026-10-06T23:04:11.576,410477093,23.43,0.5746,8.3486,-5.0949,-0.03406,0.00213,0.00585,0
2026-10-06T23:04:12.082,410985092,23.46,0.5842,8.3366,-5.0901,-0.03352,0.0016,0.00692,0
2026-10-06T23:04:12.592,411495206,23.47,0.5578,8.327,-5.1188,-0.03352,0.00213,0.00798,0
2026-10-06T23:04:13.106,412005230,23.48,0.5698,8.3534,-5.0853,-0.03406,0.00266,0.00639,0
2026-10-06T23:04:13.628,412527089,23.48,0.6033,8.3199,-5.1332,-0.03406,0.0016,0.00745,0
2026-10-06T23:04:16.785,415689093,23.55,0.5842,8.3558,-5.1116,-0.03406,0.00213,0.00692,0
2026-10-06T23:04:16.870,415715837,23.53,0.577,8.3342,-5.1212,-0.03352,0.00213,0.00692,0
2026-10-06T23:04:16.972,415816093,23.53,0.589,8.327,-5.1092,-0.03406,0.0016,0.00692,0
2026-10-06T23:04:16.999,415903093,23.54,0.6033,8.327,-5.0901,-0.03406,0.0016,0.00745,0
2026-10-06T23:04:17.102,416003089,23.56,0.5842,8.3079,-5.0853,-0.03352,0.00213,0.00639,0
2026-10-06T23:04:17.191,416094133,23.55,0.5626,8.3246,-5.0925,-0.03352,0.00266,0.00692,0
2026-10-06T23:04:17.280,416135093,23.54,0.5938,8.3151,-5.0901,-0.03406,0.00266,0.00585,0
2026-10-06T23:04:17.609,416508089,23.56,0.5794,8.3246,-5.0996,-0.03406,0.0016,0.00692,0
2026-10-06T23:04:18.115,417016232,23.57,0.5818,8.3246,-5.0422,-0.03352,0.00266,0.00639,0
2026-10-06T23:04:18.607,417453248,23.56,0.5842,8.3318,-5.114,-0.03299,0.00213,0.00745,0
2026-10-06T23:04:19.147,418050089,23.58,0.6057,8.3486,-5.0996,-0.03406,0.0016,0.00692,0
2026-10-06T23:04:19.660,418561093,23.6,0.6033,8.3366,-5.102,-0.03406,0.00266,0.00692,0
2026-10-06T23:04:20.165,419069150,23.59,0.6057,8.3462,-5.1212,-0.03459,0.00213,0.00745,0
2026-10-06T23:04:20.577,419481093,23.61,0.5626,8.3438,-5.0518,-0.03352,0.00213,0.00585,0
2026-10-06T23:04:21.090,419991089,23.61,0.5938,8.3893,-5.0901,-0.03406,0.00213,0.00692,0
2026-10-06T23:04:21.688,420536089,23.61,0.5674,8.351,-5.0805,-0.03459,0.00213,0.00639,0
2026-10-06T23:04:22.114,421018093,23.63,0.5722,8.3246,-5.0781,-0.03352,0.00266,0.00692,0
2026-10-06T23:04:22.693,421528089,23.63,0.5962,8.3342,-5.1427,-0.03406,0.00213,0.00692,0
2026-10-06T23:04:23.133,422036192,23.64,0.6273,8.3486,-5.0805,-0.03406,0.00266,0.00639,0
2026-10-06T23:04:23.654,422558093,23.64,0.5722,8.3462,-5.1092,-0.03406,0.00213,0.00692,0
2026-10-06T23:04:24.168,423069105,23.66,0.5914,8.3462,-5.047,-0.03299,0.00266,0.00692,0
2026-10-06T23:04:24.560,423462093,23.65,0.5914,8.3414,-5.1044,-0.03459,0.00213,0.00639,0
2026-10-06T23:04:27.850,426754093,23.74,0.6081,8.3582,-5.0637,-0.03352,0.00266,0.00639,0
2026-10-06T23:04:27.952,426856089,23.71,0.6129,8.3438,-5.102,-0.03352,0.00213,0.00639,0
2026-10-06T23:04:28.115,426957167,23.71,0.5866,8.3653,-5.1284,-0.03406,0.00319,0.00692,0
2026-10-06T23:04:28.152,427056212,23.74,0.5866,8.3438,-5.126,-0.03406,0.0016,0.00639,0
2026-10-06T23:04:28.259,427158255,23.73,0.6153,8.3222,-5.102,-0.03406,0.00213,0.00692,0
2026-10-06T23:04:28.342,427246237,23.73,0.5746,8.3246,-5.1332,-0.03406,0.00319,0.00639,0
2026-10-06T23:04:28.433,427273510,23.74,0.589,8.3294,-5.102,-0.03352,0.0016,0.00745,0
2026-10-06T23:04:28.637,427492110,23.74,0.5938,8.3438,-5.0973,-0.03406,0.00319,0.00745,0
2026-10-06T23:04:29.177,428081093,23.76,0.5842,8.3366,-5.0925,-0.03459,0.00319,0.00692,0
2026-10-06T23:04:29.579,428483093,23.74,0.5794,8.3222,-5.0685,-0.03299,0.0016,0.00692,0
2026-10-06T23:04:30.100,429004093,23.76,0.5746,8.3366,-5.0589,-0.03299,0.00266,0.00798,0
2026-10-06T23:04:30.610,429514171,23.77,0.6033,8.3342,-5.0877,-0.03406,0.00213,0.00692,0
2026-10-06T23:04:31.120,430024180,23.79,0.6105,8.3438,-5.1092,-0.03406,0.00266,0.00745,0
2026-10-06T23:04:31.602,430463089,23.78,0.5746,8.3438,-5.0757,-0.03299,0.00266,0.00639,0
2026-10-06T23:04:32.149,431053089,23.82,0.6129,8.3342,-5.0973,-0.03352,0.00213,0.00692,0
2026-10-06T23:04:32.556,431458243,23.81,0.565,8.3127,-5.0781,-0.03352,0.00213,0.00639,0
2026-10-06T23:04:33.171,432075089,23.82,0.589,8.3438,-5.0805,-0.03459,0.00213,0.00745,0
2026-10-06T23:04:33.564,432467236,23.83,0.5794,8.351,-5.0661,-0.03352,0.00266,0.00692,0
2026-10-06T23:04:34.086,432990239,23.84,0.6105,8.3318,-5.0996,-0.03406,0.00266,0.00798,0
2026-10-06T23:04:34.597,433501090,23.83,0.5962,8.3486,-5.1044,-0.03352,0.00213,0.00745,0
2026-10-06T23:04:35.108,434012093,23.85,0.6057,8.3414,-5.0925,-0.03352,0.00266,0.00745,0
2026-10-06T23:04:35.630,434534093,23.84,0.5986,8.327,-5.0829,-0.03406,0.00266,0.00692,0
2026-10-06T23:04:38.898,437799105,23.91,0.6249,8.3318,-5.0877,-0.03406,0.00213,0.00692,0
2026-10-06T23:04:38.998,437902089,23.94,0.577,8.3438,-5.0853,-0.03352,0.00213,0.00692,0
2026-10-06T23:04:39.098,438002097,23.93,0.6416,8.3151,-5.0973,-0.03406,0.0016,0.00585,0
2026-10-06T23:04:39.177,438030750,23.92,0.589,8.3653,-5.0709,-0.03352,0.00266,0.00692,0
2026-10-06T23:04:39.270,438116089,23.92,0.5866,8.3534,-5.0637,-0.03352,0.0016,0.00692,0
2026-10-06T23:04:39.313,438217093,23.93,0.5866,8.351,-5.1164,-0.03406,0.0016,0.00692,0
2026-10-06T23:04:39.405,438307093,23.92,0.5842,8.3438,-5.0853,-0.03459,0.00266,0.00692,0
2026-10-06T23:04:39.613,438517171,23.94,0.5722,8.3318,-5.0637,-0.03459,0.00319,0.00639,0
2026-10-06T23:04:40.124,439026089,23.94,0.5914,8.3222,-5.0877,-0.03459,0.00319,0.00692,0
2026-10-06T23:04:40.702,439550143,23.94,0.6081,8.3438,-5.1068,-0.03352,0.00213,0.00692,0
2026-10-06T23:04:41.156,440060147,23.96,0.6249,8.339,-5.0973,-0.03406,0.00213,0.00692,0
2026-10-06T23:04:41.654,440558093,23.96,0.5962,8.327,-5.1236,-0.03406,0.0016,0.00639,0
2026-10-06T23:04:42.163,441068089,23.97,0.5794,8.351,-5.0733,-0.03352,0.00319,0.00745,0
2026-10-06T23:04:42.578,441482093,23.96,0.6009,8.3318,-5.0853,-0.03352,0.00213,0.00639,0
2026-10-06T23:04:43.087,441991089,23.97,0.5722,8.3462,-5.1308,-0.03352,0.00213,0.00639,0
2026-10-06T23:04:43.596,442501093,23.98,0.5986,8.3414,-5.0901,-0.03459,0.0016,0.00692,0
2026-10-06T23:04:46.871,445775211,24.03,0.6033,8.3318,-5.0901,-0.03352,0.00213,0.00692,0
2026-10-06T23:04:49.643,448547093,24.09,0.6201,8.3294,-5.0949,-0.03352,0.00106,0.00692,0
2026-10-06T23:04:49.739,448637177,24.09,0.5842,8.3414,-5.0589,-0.03352,0.00372,0.00745,0
2026-10-06T23:04:49.839,448744097,24.07,0.6009,8.3582,-5.0637,-0.03406,0.00372,0.00745,0
2026-10-06T23:04:49.944,448841093,24.1,0.5938,8.327,-5.0757,-0.03406,0.00266,0.00745,0
2026-10-06T23:04:50.031,448935132,24.08,0.5722,8.3486,-5.102,-0.03352,0.00266,0.00692,0
2026-10-06T23:04:50.119,448978365,24.08,0.5842,8.3079,-5.1044,-0.03406,0.00213,0.00745,0
2026-10-06T23:04:50.158,449063128,24.08,0.5986,8.3534,-5.0709,-0.03352,0.00266,0.00692,0
2026-10-06T23:04:50.248,449152093,24.07,0.5866,8.339,-5.0661,-0.03406,0.00319,0.00745,0
2026-10-06T23:04:50.324,449179423,24.08,0.6105,8.3486,-5.0685,-0.03352,0.00266,0.00639,0
2026-10-06T23:04:50.364,449266089,24.07,0.5818,8.3079,-5.0805,-0.03352,0.00213,0.00692,0
2026-10-06T23:04:50.455,449353110,24.08,0.5818,8.3438,-5.0877,-0.03299,0.00319,0.00639,0
2026-10-06T23:04:50.558,449460093,24.09,0.5674,8.3246,-5.0757,-0.03406,0.00213,0.00745,0
2026-10-06T23:04:50.660,449558097,24.09,0.5555,8.3414,-5.0925,-0.03352,0.00372,0.00745,0
2026-10-06T23:04:51.174,450078214,24.1,0.5794,8.3438,-5.0973,-0.03352,0.0016,0.00692,0
2026-10-06T23:04:51.660,450501097,24.11,0.5842,8.3653,-5.0613,-0.03406,0.0016,0.00639,0
2026-10-06T23:04:52.094,450998093,24.12,0.6057,8.3558,-5.102,-0.03459,0.0016,0.00692,0
2026-10-06T23:04:52.603,451507235,24.13,0.5866,8.3246,-5.0805,-0.03406,0.00213,0.00692,0
2026-10-06T23:04:53.125,452030089,24.12,0.5962,8.339,-5.0757,-0.03299,0.00319,0.00692,0
2026-10-06T23:04:53.634,452538119,24.13,0.6033,8.3294,-5.0996,-0.03406,0.00319,0.00745,0
2026-10-06T23:04:54.218,453060275,24.15,0.5914,8.339,-5.0733,-0.03352,0.00266,0.00639,0
2026-10-06T23:04:54.622,453471143,24.17,0.5674,8.3342,-5.0566,-0.03459,0.0016,0.00745,0
2026-10-06T23:04:55.160,454062215,24.16,0.5866,8.3366,-5.0542,-0.03406,0.00213,0.00692,0
2026-10-06T23:04:55.645,454520108,24.16,0.5746,8.3366,-5.0757,-0.03352,0.00213,0.00585,0
2026-10-06T23:04:56.085,454989147,24.15,0.5746,8.327,-5.0829,-0.03352,0.00319,0.00692,0
2026-10-06T23:04:56.600,455499089,24.16,0.5722,8.3294,-5.1188,-0.03352,0.00266,0.00692,0
2026-10-06T23:04:57.103,456008093,24.19,0.6297,8.3246,-5.1356,-0.03406,0.00266,0.00745,0
2026-10-06T23:04:57.626,456530093,24.2,0.6297,8.3845,-5.0613,-0.03406,0.00266,0.00745,0
2026-10-06T23:05:00.864,459719097,24.24,0.5914,8.3175,-5.0781,-0.03406,0.00213,0.00692,0
2026-10-06T23:05:00.973,459818133,24.24,0.5722,8.3222,-5.1044,-0.03406,0.00213,0.00692,0
2026-10-06T23:05:01.011,459916089,24.24,0.6369,8.3414,-5.0805,-0.03406,0.00213,0.00745,0
2026-10-06T23:05:01.105,460009089,24.23,0.5914,8.3414,-5.1068,-0.03406,0.00266,0.00798,0
2026-10-06T23:05:01.208,460110093,24.22,0.6345,8.3007,-5.102,-0.03352,0.00266,0.00798,0
2026-10-06T23:05:01.310,460207093,24.26,0.6057,8.339,-5.0901,-0.03406,0.00213,0.00745,0
2026-10-06T23:05:01.400,460304093,24.24,0.6105,8.339,-5.0805,-0.03406,0.00266,0.00745,0
2026-10-06T23:05:01.606,460511093,24.24,0.6009,8.339,-5.1212,-0.03406,0.00266,0.00692,0
2026-10-06T23:05:02.133,461032093,24.25,0.6081,8.3414,-5.102,-0.03352,0.00319,0.00692,0
2026-10-06T23:05:02.640,461540089,24.29,0.5842,8.3222,-5.0901,-0.03299,0.00319,0.00639,0
2026-10-06T23:05:03.153,462048231,24.29,0.5842,8.3366,-5.0733,-0.03406,0.00213,0.00585,0
2026-10-06T23:05:03.666,462568093,24.27,0.577,8.3103,-5.0733,-0.03352,0.00266,0.00692,0
2026-10-06T23:05:04.172,463076089,24.3,0.577,8.3342,-5.0566,-0.03406,0.00266,0.00692,0
2026-10-06T23:05:04.573,463478220,24.3,0.589,8.3294,-5.0829,-0.03406,0.00213,0.00745,0
2026-10-06T23:05:05.100,463999089,24.31,0.589,8.3629,-5.1092,-0.03406,0.0016,0.00745,0
2026-10-06T23:05:05.609,464506093,24.32,0.5794,8.3653,-5.0781,-0.03406,0.00319,0.00692,0
2026-10-06T23:05:06.125,465026093,24.31,0.6057,8.351,-5.0398,-0.03352,0.00266,0.00798,0
2026-10-06T23:05:06.635,465534089,24.3,0.6225,8.3246,-5.102,-0.03406,0.0016,0.00639,0
2026-10-06T23:05:07.123,466028088,24.33,0.6033,8.3199,-5.102,-0.03406,0.00266,0.00639,0
2026-10-06T23:05:07.646,466551089,24.32,0.5914,8.3582,-5.0709,-0.03352,0.00266,0.00639,0
2026-10-06T23:05:08.155,467060216,24.33,0.5866,8.3486,-5.0829,-0.03352,0.00266,0.00692,0
2026-10-06T23:05:08.582,467487147,24.35,0.5914,8.3318,-5.0925,-0.03459,0.0016,0.00692,0
2026-10-06T23:05:11.846,470751093,24.39,0.589,8.3486,-5.0973,-0.03406,0.00266,0.00745,0
2026-10-06T23:05:11.956,470854245,24.41,0.5698,8.339,-5.0518,-0.03352,0.00266,0.00692,0
2026-10-06T23:05:12.048,470953093,24.4,0.5914,8.3606,-5.0853,-0.03406,0.00213,0.00745,0
2026-10-06T23:05:12.149,471053100,24.4,0.5914,8.3438,-5.0566,-0.03406,0.00266,0.00692,0
2026-10-06T23:05:12.230,471094093,24.39,0.5842,8.3342,-5.0973,-0.03459,0.00266,0.00692,0
2026-10-06T23:05:12.263,471166212,24.4,0.5866,8.351,-5.0494,-0.03406,0.00319,0.00639,0
2026-10-06T23:05:12.350,471255093,24.4,0.5962,8.3342,-5.0494,-0.03299,0.00213,0.00745,0
2026-10-06T23:05:12.574,471477143,24.43,0.5866,8.3558,-5.0685,-0.03459,0.00319,0.00639,0
2026-10-06T23:05:13.070,471975089,24.42,0.5794,8.327,-5.0949,-0.03352,0.00319,0.00745,0
2026-10-06T23:05:13.581,472485247,24.41,0.577,8.3462,-5.0853,-0.03406,0.00319,0.00692,0
2026-10-06T23:05:14.168,473008147,24.43,0.6009,8.3486,-5.0949,-0.03406,0.00266,0.00692,0
2026-10-06T23:05:14.611,473516091,24.44,0.5722,8.3462,-5.0805,-0.03352,0.00266,0.00639,0
2026-10-06T23:05:15.119,474024093,24.44,0.5746,8.339,-5.0637,-0.03459,0.0016,0.00745,0
2026-10-06T23:05:15.637,474538110,24.45,0.6033,8.3246,-5.0709,-0.03406,0.00319,0.00745,0
2026-10-06T23:05:16.141,475046093,24.45,0.5602,8.351,-5.0159,-0.03459,0.00266,0.00692,0
2026-10-06T23:05:16.650,475555089,24.46,0.589,8.3462,-5.0757,-0.03406,0.00266,0.00692,0
2026-10-06T23:05:17.171,476076089,24.48,0.5698,8.327,-5.0733,-0.03459,0.00213,0.00745,0
2026-10-06T23:05:17.573,476477214,24.48,0.6009,8.3438,-5.035,-0.03352,0.00266,0.00692,0
2026-10-06T23:05:18.082,476987093,24.49,0.5938,8.3366,-5.102,-0.03459,0.00319,0.00745,0
2026-10-06T23:05:18.603,477508093,24.48,0.5818,8.3606,-5.0613,-0.03406,0.00266,0.00639,0
2026-10-06T23:05:19.115,478017089,24.48,0.5914,8.3629,-5.0542,-0.03406,0.00319,0.00692,0
2026-10-06T23:05:19.620,478525093,24.49,0.5914,8.3462,-5.0805,-0.03406,0.00266,0.00692,0
2026-10-06T23:05:22.790,481695096,24.54,0.6057,8.3246,-5.0613,-0.03352,0.00319,0.00745,0
2026-10-06T23:05:22.866,481722762,24.53,0.6009,8.3342,-5.0829,-0.03352,0.00213,0.00639,0
2026-10-06T23:05:22.967,481810089,24.54,0.5746,8.3294,-5.0781,-0.03406,0.00319,0.00745,0
2026-10-06T23:05:23.078,481921147,24.55,0.5602,8.3438,-5.1308,-0.03459,0.00266,0.00745,0
2026-10-06T23:05:23.105,482007094,24.54,0.5866,8.3486,-5.0494,-0.03352,0.00266,0.00745,0
2026-10-06T23:05:23.282,482122089,24.55,0.5986,8.3199,-5.0733,-0.03352,0.00372,0.00745,0
2026-10-06T23:05:23.384,482221093,24.56,0.577,8.3438,-5.0829,-0.03406,0.00319,0.00692,0
2026-10-06T23:05:23.607,482511089,24.56,0.589,8.3462,-5.0637,-0.03406,0.00266,0.00639,0
2026-10-06T23:05:24.130,483034410,24.54,0.5914,8.3606,-5.0661,-0.03299,0.00106,0.00639,0
2026-10-06T23:05:24.644,483546248,24.59,0.5986,8.3534,-5.0589,-0.03406,0.00372,0.00692,0
2026-10-06T23:05:25.154,484059089,24.58,0.5842,8.3438,-5.0877,-0.03459,0.00266,0.00639,0
2026-10-06T23:05:25.654,484558243,24.59,0.6009,8.3534,-5.0925,-0.03352,0.00266,0.00692,0
2026-10-06T23:05:26.067,484971110,24.58,0.5986,8.3414,-5.0661,-0.03352,0.00319,0.00745,0
2026-10-06T23:05:26.580,485485089,24.61,0.6105,8.3486,-5.0733,-0.03406,0.00213,0.00745,0
2026-10-06T23:05:27.089,485994093,24.59,0.5986,8.2959,-5.0925,-0.03406,0.00213,0.00745,0
2026-10-06T23:05:27.611,486516093,24.64,0.5962,8.3318,-5.0613,-0.03299,0.00266,0.00692,0
2026-10-06T23:05:28.122,487027089,24.63,0.577,8.3222,-5.0661,-0.03406,0.00319,0.00692,0
2026-10-06T23:05:28.632,487537151,24.64,0.5866,8.3606,-5.0494,-0.03352,0.00213,0.00692,0
2026-10-06T23:05:29.145,488048089,24.64,0.5794,8.3222,-5.0805,-0.03512,0.00213,0.00745,0
2026-10-06T23:05:29.653,488558093,24.64,0.5938,8.3534,-5.0589,-0.03459,0.00319,0.00639,0
2026-10-06T23:05:30.163,489068089,24.65,0.5914,8.3342,-5.0829,-0.03406,0.00213,0.00639,0
2026-10-06T23:05:30.577,489481093,24.65,0.5938,8.339,-5.102,-0.03406,0.00266,0.00692,0
2026-10-06T23:05:33.844,492747093,24.7,0.5866,8.351,-5.047,-0.03352,0.00266,0.00745,0
2026-10-06T23:05:33.918,492776864,24.69,0.5962,8.3558,-5.0996,-0.03459,0.00266,0.00692,0
2026-10-06T23:05:33.957,492862089,24.68,0.5698,8.3534,-5.0781,-0.03352,0.00319,0.00745,0
2026-10-06T23:05:34.047,492950194,24.69,0.589,8.3318,-5.0685,-0.03406,0.00266,0.00639,0
2026-10-06T23:05:34.152,493058093,24.7,0.6105,8.3629,-5.0949,-0.03406,0.00213,0.00692,0
2026-10-06T23:05:34.225,493098093,24.69,0.6057,8.3653,-5.0757,-0.03352,0.00266,0.00639,0
2026-10-06T23:05:34.266,493170093,24.71,0.589,8.339,-5.0805,-0.03406,0.00266,0.00745,0
2026-10-06T23:05:34.640,493488093,24.7,0.5842,8.3175,-5.0925,-0.03459,0.00213,0.00745,0
2026-10-06T23:05:35.079,493984107,24.71,0.5818,8.351,-5.0829,-0.03299,0.00319,0.00745,0
2026-10-06T23:05:35.591,494495107,24.7,0.5938,8.3629,-5.0206,-0.03352,0.00266,0.00745,0
2026-10-06T23:05:36.103,495006089,24.72,0.577,8.3558,-5.0613,-0.03352,0.00266,0.00692,0
2026-10-06T23:05:36.710,495615093,24.73,0.6033,8.3366,-5.0901,-0.03352,0.0016,0.00692,0
2026-10-06T23:05:37.124,496028089,24.74,0.6033,8.3366,-5.0829,-0.03406,0.00319,0.00745,0
2026-10-06T23:05:37.637,496541093,24.74,0.6129,8.3103,-5.1092,-0.03352,0.00213,0.00692,0
2026-10-06T23:05:38.150,497053089,24.74,0.5938,8.3318,-5.0853,-0.03406,0.00213,0.00692,0
2026-10-06T23:05:38.660,497565093,24.75,0.5938,8.3318,-5.0685,-0.03406,0.00213,0.00692,0
2026-10-06T23:05:39.169,498074089,24.75,0.5938,8.3342,-5.0829,-0.03352,0.00266,0.00639,0
2026-10-06T23:05:39.584,498489110,24.76,0.5962,8.327,-5.0901,-0.03459,0.00266,0.00692,0
2026-10-06T23:05:40.082,498987093,24.78,0.6009,8.3342,-5.0278,-0.03352,0.00319,0.00798,0
2026-10-06T23:05:40.604,499509093,24.79,0.6057,8.3438,-5.0589,-0.03406,0.00266,0.00692,0
2026-10-06T23:05:41.114,500020089,24.8,0.5842,8.3677,-5.0685,-0.03352,0.00372,0.00692,0
2026-10-06T23:05:41.625,500530093,24.8,0.5938,8.3486,-5.0733,-0.03512,0.00266,0.00798,0
2026-10-06T23:05:44.794,503700195,24.83,0.577,8.3294,-5.0518,-0.03459,0.00319,0.00692,0
2026-10-06T23:05:44.891,503796236,24.84,0.6105,8.3438,-5.114,-0.03352,0.00266,0.00745,0
2026-10-06T23:05:44.997,503903093,24.84,0.589,8.3462,-5.0518,-0.03406,0.00213,0.00692,0
2026-10-06T23:05:45.103,504009093,24.84,0.5722,8.3629,-5.0494,-0.03406,0.00319,0.00745,0
2026-10-06T23:05:45.197,504103097,24.84,0.5986,8.3486,-5.0877,-0.03406,0.00213,0.00745,0
2026-10-06T23:05:45.287,504131566,24.84,0.5962,8.3606,-5.0805,-0.03352,0.00372,0.00798,0
2026-10-06T23:05:45.316,504221089,24.82,0.5866,8.339,-5.0613,-0.03459,0.00213,0.00692,0
2026-10-06T23:05:45.622,504527089,24.84,0.5986,8.3534,-5.0542,-0.03406,0.00319,0.00692,0
2026-10-06T23:05:46.132,505037093,24.85,0.5866,8.3677,-5.0781,-0.03406,0.00213,0.00692,0
2026-10-06T23:05:46.642,505548089,24.85,0.5914,8.3366,-5.1068,-0.03406,0.00266,0.00798,0
2026-10-06T23:05:47.152,506057093,24.85,0.5842,8.3558,-5.0757,-0.03352,0.00266,0.00692,0
2026-10-06T23:05:47.661,506565089,24.9,0.5842,8.3294,-5.1236,-0.03512,0.00266,0.00692,0
2026-10-06T23:05:48.142,507003101,24.87,0.5962,8.351,-5.0637,-0.03406,0.00319,0.00692,0
2026-10-06T23:05:48.579,507485223,24.88,0.5818,8.3462,-5.0709,-0.03406,0.00319,0.00745,0
2026-10-06T23:05:49.102,508006143,24.89,0.6297,8.3294,-5.0829,-0.03352,0.00319,0.00745,0
2026-10-06T23:05:49.606,508512093,24.89,0.5938,8.3414,-5.0709,-0.03352,0.0016,0.00692,0
2026-10-06T23:05:50.116,509022089,24.9,0.5986,8.327,-5.0422,-0.03352,0.00213,0.00745,0
2026-10-06T23:05:50.637,509543089,24.91,0.6081,8.351,-5.0709,-0.03406,0.00266,0.00745,0
2026-10-06T23:05:51.146,510052093,24.91,0.6129,8.3486,-5.0422,-0.03352,0.00319,0.00692,0
2026-10-06T23:05:51.657,510563089,24.91,0.6009,8.3534,-5.0446,-0.03352,0.00213,0.00692,0
2026-10-06T23:05:52.167,511073093,24.93,0.5914,8.3438,-5.0661,-0.03406,0.00319,0.00639,0
2026-10-06T23:05:52.581,511486110,24.91,0.6033,8.3414,-5.0542,-0.03406,0.00213,0.00639,0
2026-10-06T23:05:55.846,514751227,24.95,0.5794,8.3629,-5.0302,-0.03352,0.00319,0.00745,0
2026-10-06T23:05:55.926,514791093,24.95,0.6201,8.3534,-5.1308,-0.03352,0.00319,0.00692,0
2026-10-06T23:05:55.960,514865208,24.96,0.5914,8.3606,-5.0757,-0.03406,0.00213,0.00745,0
2026-10-06T23:05:56.050,514955230,24.96,0.5818,8.3653,-5.0757,-0.03406,0.00213,0.00745,0
2026-10-06T23:05:56.158,515064160,24.94,0.5938,8.3462,-5.1116,-0.03352,0.00266,0.00745,0
2026-10-06T23:05:56.253,515160093,24.97,0.5626,8.3749,-5.0781,-0.03406,0.00319,0.00639,0
2026-10-06T23:05:56.358,515265170,24.97,0.6033,8.3294,-5.1092,-0.03406,0.00266,0.00745,0
2026-10-06T23:05:56.578,515484133,24.96,0.577,8.3486,-5.0685,-0.03352,0.00266,0.00639,0
2026-10-06T23:05:57.079,515985093,24.98,0.6009,8.3821,-5.0781,-0.03406,0.00213,0.00745,0
2026-10-06T23:05:57.590,516495089,24.97,0.5626,8.3318,-5.0685,-0.03459,0.00319,0.00692,0
2026-10-06T23:05:58.104,517006093,24.97,0.589,8.3606,-5.0733,-0.03406,0.00213,0.00745,0
2026-10-06T23:05:58.608,517513089,24.99,0.5794,8.3558,-5.0278,-0.03352,0.00266,0.00639,0
2026-10-06T23:05:59.118,518024093,25.0,0.5938,8.3725,-5.0853,-0.03352,0.00213,0.00692,0
2026-10-06T23:05:59.629,518534179,25.0,0.5866,8.3725,-5.0589,-0.03406,0.00319,0.00798,0
2026-10-06T23:06:00.151,519057089,25.02,0.5866,8.3342,-5.0805,-0.03352,0.00266,0.00692,0
2026-10-06T23:06:00.660,519566100,25.03,0.5794,8.339,-5.1068,-0.03406,0.0016,0.00639,0
2026-10-06T23:06:01.139,519992099,25.04,0.5698,8.3414,-5.0757,-0.03459,0.00213,0.00692,0
2026-10-06T23:06:01.583,520489093,25.03,0.6033,8.339,-5.0494,-0.03352,0.00213,0.00639,0
2026-10-06T23:06:02.094,521000089,25.03,0.5818,8.351,-5.0709,-0.03459,0.00266,0.00692,0
2026-10-06T23:06:02.605,521510178,25.04,0.5794,8.3222,-5.0589,-0.03459,0.00266,0.00692,0
2026-10-06T23:06:03.115,522020093,25.02,0.6153,8.3414,-5.0757,-0.03406,0.00372,0.00692,0
2026-10-06T23:06:03.626,522531093,25.06,0.5794,8.3414,-5.0589,-0.03406,0.00319,0.00798,0
2026-10-06T23:06:06.809,525714090,25.09,0.6033,8.3606,-5.0757,-0.03406,0.00266,0.00745,0
2026-10-06T23:06:06.910,525816093,25.07,0.5866,8.3534,-5.0805,-0.03406,0.00319,0.00745,0
2026-10-06T23:06:07.001,525906213,25.09,0.5794,8.3222,-5.0853,-0.03459,0.00319,0.00745,0
2026-10-06T23:06:07.081,525933839,25.09,0.6129,8.3366,-5.0518,-0.03406,0.00213,0.00692,0
2026-10-06T23:06:07.117,526020089,25.1,0.5746,8.3342,-5.0973,-0.03459,0.00319,0.00798,0
2026-10-06T23:06:07.210,526116093,25.09,0.589,8.3438,-5.0949,-0.03299,0.00319,0.00692,0
2026-10-06T23:06:07.309,526215233,25.09,0.5962,8.3462,-5.0661,-0.03406,0.00266,0.00745,0
2026-10-06T23:06:07.695,526541097,25.1,0.5794,8.3366,-5.0446,-0.03406,0.00213,0.00798,0
2026-10-06T23:06:08.132,527038116,25.1,0.5962,8.339,-5.0901,-0.03352,0.00319,0.00798,0
2026-10-06T23:06:08.642,527548093,25.12,0.589,8.3534,-5.0542,-0.03459,0.00266,0.00745,0
2026-10-06T23:06:09.127,527973147,25.1,0.5962,8.327,-5.0566,-0.03352,0.00372,0.00798,0
2026-10-06T23:06:09.661,528567093,25.12,0.5962,8.3582,-5.0757,-0.03406,0.00372,0.00692,0
2026-10-06T23:06:10.078,528981089,25.14,0.5986,8.3366,-5.0733,-0.03352,0.00213,0.00745,0
2026-10-06T23:06:10.590,529493093,25.14,0.5722,8.3462,-5.0709,-0.03352,0.00266,0.00851,0
2026-10-06T23:06:11.098,530004089,25.12,0.6129,8.351,-5.0733,-0.03406,0.00319,0.00692,0
2026-10-06T23:06:11.609,530515093,25.14,0.5986,8.3462,-5.0996,-0.03459,0.00319,0.00798,0
2026-10-06T23:06:12.120,531026089,25.14,0.5986,8.3222,-5.0589,-0.03459,0.00372,0.00639,0
2026-10-06T23:06:12.629,531535093,25.17,0.6201,8.3246,-5.0757,-0.03459,0.00319,0.00745,0
2026-10-06T23:06:13.152,532058093,25.16,0.6105,8.3701,-5.047,-0.03459,0.00266,0.00692,0
2026-10-06T23:06:13.664,532570089,25.16,0.5986,8.3342,-5.0781,-0.03352,0.00319,0.00745,0
2026-10-06T23:06:14.177,533082093,25.17,0.5986,8.3606,-5.0733,-0.03459,0.00319,0.00745,0
2026-10-06T23:06:14.580,533486093,25.18,0.5674,8.3486,-5.0518,-0.03406,0.00319,0.00692,0
2026-10-06T23:06:17.922,536784097,25.19,0.5866,8.351,-5.0805,-0.03459,0.00213,0.00745,0
2026-10-06T23:06:17.958,536859225,25.19,0.6009,8.3629,-5.0709,-0.03459,0.00266,0.00745,0
2026-10-06T23:06:18.052,536958089,25.22,0.5818,8.3558,-5.0398,-0.03406,0.00319,0.00745,0
2026-10-06T23:06:18.134,536985607,25.22,0.5938,8.3725,-5.0494,-0.03459,0.00266,0.00692,0
2026-10-06T23:06:18.235,537094160,25.2,0.6033,8.3629,-5.0709,-0.03459,0.00319,0.00692,0
2026-10-06T23:06:18.260,537166151,25.2,0.5914,8.3486,-5.0302,-0.03352,0.00266,0.00745,0
2026-10-06T23:06:18.342,537193919,25.21,0.589,8.3534,-5.0566,-0.03512,0.00266,0.00745,0
2026-10-06T23:06:18.571,537475093,25.23,0.577,8.3629,-5.0973,-0.03352,0.00319,0.00798,0
2026-10-06T23:06:19.081,537987089,25.19,0.5722,8.3534,-5.0398,-0.03459,0.00319,0.00745,0
2026-10-06T23:06:19.590,538496093,25.21,0.6009,8.3653,-5.0566,-0.03352,0.00372,0.00745,0
2026-10-06T23:06:20.111,539017093,25.23,0.5818,8.351,-5.0805,-0.03406,0.00319,0.00692,0
2026-10-06T23:06:20.613,539516093,25.24,0.6129,8.3079,-5.0398,-0.03406,0.00266,0.00798,0
2026-10-06T23:06:21.203,540060118,25.24,0.5962,8.3318,-5.0733,-0.03406,0.00266,0.00692,0
2026-10-06T23:06:21.611,540458093,25.24,0.5914,8.3558,-5.0685,-0.03406,0.00319,0.00745,0
2026-10-06T23:06:22.118,540968089,25.25,0.5626,8.351,-5.1116,-0.03352,0.00213,0.00745,0
2026-10-06T23:06:22.737,541599235,25.26,0.5866,8.3462,-5.0685,-0.03406,0.00319,0.00798,0
2026-10-06T23:06:23.176,542081121,25.27,0.5914,8.3486,-5.0805,-0.03459,0.00319,0.00745,0
2026-10-06T23:06:23.590,542496093,25.27,0.5986,8.339,-5.0613,-0.03352,0.00319,0.00692,0
2026-10-06T23:06:24.091,542995093,25.25,0.6105,8.3438,-5.0422,-0.03459,0.00319,0.00745,0
2026-10-06T23:06:24.600,543506089,25.27,0.5938,8.3342,-5.0685,-0.03406,0.00266,0.00745,0
2026-10-06T23:06:25.122,544029143,25.27,0.589,8.3414,-5.035,-0.03352,0.00319,0.00798,0
2026-10-06T23:06:25.632,544538120,25.27,0.5746,8.3438,-5.0781,-0.03352,0.00319,0.00745,0
2026-10-06T23:06:28.872,547729097,25.3,0.5818,8.339,-5.0685,-0.03406,0.00213,0.00745,0
2026-10-06T23:06:28.980,547838220,25.32,0.5866,8.3438,-5.0949,-0.03352,0.00319,0.00692,0
2026-10-06T23:06:29.016,547922093,25.32,0.5818,8.3534,-5.0877,-0.03299,0.00266,0.00692,0
2026-10-06T23:06:29.106,548011093,25.32,0.6105,8.3366,-5.1116,-0.03352,0.00319,0.00639,0
2026-10-06T23:06:29.179,548053093,25.3,0.6033,8.3677,-5.0613,-0.03406,0.00319,0.00745,0
2026-10-06T23:06:29.218,548124089,25.33,0.577,8.3701,-5.0685,-0.03352,0.00213,0.00692,0
2026-10-06T23:06:29.310,548214089,25.33,0.6105,8.3342,-5.0733,-0.03352,0.00319,0.00745,0
2026-10-06T23:06:29.615,548520089,25.32,0.5962,8.327,-5.0877,-0.03352,0.00266,0.00692,0
2026-10-06T23:06:30.136,549042242,25.33,0.589,8.3606,-5.0589,-0.03406,0.00213,0.00745,0
2026-10-06T23:06:30.648,549554093,25.33,0.5914,8.3414,-5.0637,-0.03406,0.00319,0.00639,0
2026-10-06T23:06:31.061,549966089,25.34,0.589,8.3677,-5.0757,-0.03459,0.00266,0.00745,0
2026-10-06T23:06:31.671,550577093,25.34,0.577,8.3677,-5.0254,-0.03459,0.00266,0.00745,0
2026-10-06T23:06:32.071,550977245,25.33,0.6201,8.3701,-5.0661,-0.03406,0.00213,0.00639,0
2026-10-06T23:06:32.595,551499093,25.36,0.6009,8.3486,-5.0949,-0.03459,0.00213,0.00692,0
2026-10-06T23:06:33.101,552007089,25.37,0.5986,8.3534,-5.0446,-0.03352,0.00266,0.00745,0
2026-10-06T23:06:33.680,552529089,25.36,0.5914,8.3414,-5.0637,-0.03406,0.00213,0.00692,0
2026-10-06T23:06:34.120,553026100,25.37,0.5866,8.3462,-5.0613,-0.03406,0.00319,0.00639,0
2026-10-06T23:06:34.627,553534097,25.36,0.6129,8.3677,-5.0661,-0.03352,0.00319,0.00639,0
2026-10-06T23:06:35.149,554055093,25.39,0.5818,8.351,-5.0637,-0.03299,0.00319,0.00745,0
2026-10-06T23:06:35.659,554564089,25.38,0.5914,8.339,-5.0829,-0.03459,0.00319,0.00745,0
2026-10-06T23:06:36.165,555071093,25.4,0.6273,8.3606,-5.0374,-0.03352,0.00266,0.00692,0
2026-10-06T23:06:36.579,555485089,25.39,0.5986,8.3486,-5.0542,-0.03459,0.0016,0.00745,0
2026-10-06T23:06:39.848,558754188,25.42,0.6081,8.3534,-5.0494,-0.03299,0.00213,0.00639,0
2026-10-06T23:06:39.961,558866124,25.44,0.6249,8.3318,-5.0973,-0.03299,0.00319,0.00692,0
2026-10-06T23:06:40.063,558965093,25.42,0.5602,8.327,-5.102,-0.03406,0.00319,0.00692,0
2026-10-06T23:06:40.161,559064089,25.42,0.6057,8.339,-5.0733,-0.03406,0.00319,0.00851,0
2026-10-06T23:06:40.265,559161264,25.43,0.5962,8.3486,-5.0829,-0.03406,0.00266,0.00692,0
2026-10-06T23:06:40.375,559282142,25.42,0.5962,8.3294,-5.0494,-0.03406,0.00319,0.00692,0
2026-10-06T23:06:40.466,559371089,25.43,0.5818,8.3534,-5.0685,-0.03352,0.00266,0.00692,0
2026-10-06T23:06:40.577,559484124,25.46,0.5722,8.3438,-5.0589,-0.03459,0.00266,0.00692,0
2026-10-06T23:06:41.077,559983089,25.44,0.5914,8.339,-5.0326,-0.03299,0.00372,0.00692,0
2026-10-06T23:06:41.587,560493161,25.44,0.5794,8.2983,-5.0637,-0.03352,0.00266,0.00745,0
2026-10-06T23:06:42.099,561003258,25.44,0.6129,8.327,-5.0446,-0.03406,0.00372,0.00692,0
2026-10-06T23:06:42.620,561527089,25.45,0.5842,8.3486,-5.0829,-0.03352,0.00319,0.00745,0
2026-10-06T23:06:43.117,562022088,25.45,0.5866,8.3246,-5.0542,-0.03299,0.00266,0.00745,0
2026-10-06T23:06:43.613,562473267,25.45,0.577,8.3534,-5.0518,-0.03459,0.00319,0.00692,0
2026-10-06T23:06:44.145,563051176,25.46,0.5914,8.339,-5.047,-0.03352,0.00266,0.00639,0
2026-10-06T23:06:44.658,563562226,25.47,0.6081,8.3366,-5.1092,-0.03352,0.00372,0.00745,0
2026-10-06T23:06:45.179,564082089,25.46,0.577,8.3438,-5.0446,-0.03406,0.00266,0.00798,0
2026-10-06T23:06:45.589,564494093,25.47,0.6033,8.3462,-5.0613,-0.03459,0.00266,0.00692,0
2026-10-06T23:06:46.101,565006089,25.47,0.6009,8.3534,-5.0733,-0.03459,0.00426,0.00745,0
2026-10-06T23:06:46.612,565516093,25.48,0.6009,8.3366,-5.0494,-0.03459,0.00372,0.00745,0
2026-10-06T23:06:47.120,566027182,25.49,0.5866,8.3246,-5.0589,-0.03352,0.00319,0.00851,0
2026-10-06T23:06:47.631,566537093,25.48,0.6009,8.3318,-5.047,-0.03406,0.00213,0.00745,0
2026-10-06T23:06:50.810,569716089,25.53,0.5986,8.3318,-5.0685,-0.03352,0.00266,0.00692,0
2026-10-06T23:06:50.913,569819248,25.51,0.6105,8.339,-5.114,-0.03406,0.0016,0.00798,0
2026-10-06T23:06:51.015,569920089,25.52,0.5938,8.3246,-5.0422,-0.03406,0.00319,0.00745,0
2026-10-06T23:06:51.102,570008190,25.54,0.5938,8.339,-5.0613,-0.03406,0.00266,0.00745,0
2026-10-06T23:06:51.191,570036423,25.53,0.5818,8.3342,-5.0446,-0.03406,0.00372,0.00692,0
2026-10-06T23:06:51.291,570138204,25.51,0.5818,8.339,-5.0494,-0.03459,0.00319,0.00745,0
2026-10-06T23:06:51.323,570226089,25.51,0.5842,8.3677,-5.0973,-0.03406,0.00266,0.00745,0
2026-10-06T23:06:51.612,570518212,25.51,0.5842,8.3534,-5.0925,-0.03352,0.00319,0.00798,0
2026-10-06T23:06:52.133,571040093,25.52,0.5866,8.3246,-5.0398,-0.03406,0.00319,0.00745,0
2026-10-06T23:06:52.645,571550089,25.52,0.5914,8.3558,-5.0877,-0.03352,0.00319,0.00692,0
2026-10-06T23:06:53.167,572071089,25.52,0.589,8.3486,-5.0805,-0.03352,0.00319,0.00745,0
2026-10-06T23:06:53.645,572487149,25.55,0.5555,8.3438,-5.0326,-0.03406,0.00213,0.00745,0
2026-10-06T23:06:54.083,572982136,25.54,0.577,8.3438,-5.0206,-0.03459,0.00266,0.00692,0
2026-10-06T23:06:54.585,573491206,25.54,0.6057,8.327,-5.0781,-0.03459,0.00319,0.00692,0
2026-10-06T23:06:55.111,574017089,25.55,0.5986,8.3629,-5.0613,-0.03352,0.00213,0.00798,0
2026-10-06T23:06:55.610,574515102,25.55,0.6105,8.3582,-5.0494,-0.03406,0.00266,0.00798,0
2026-10-06T23:06:56.134,575038228,25.56,0.6033,8.3725,-5.0661,-0.03406,0.00266,0.00639,0
2026-10-06T23:06:56.646,575551093,25.55,0.5914,8.3366,-5.0781,-0.03352,0.00266,0.00798,0
2026-10-06T23:06:57.130,575979149,25.56,0.6057,8.3558,-5.0757,-0.03459,0.00266,0.00745,0
2026-10-06T23:06:57.745,576569093,25.57,0.6033,8.3318,-5.0613,-0.03406,0.00319,0.00692,0
2026-10-06T23:06:58.077,576982089,25.57,0.5986,8.3677,-5.047,-0.03352,0.00266,0.00798,0
2026-10-06T23:06:58.578,577483089,25.57,0.6129,8.3438,-5.0661,-0.03406,0.00213,0.00745,0
2026-10-06T23:07:01.935,580770089,25.6,0.5914,8.339,-5.0589,-0.03459,0.00372,0.00639,0
2026-10-06T23:07:02.044,580948093,25.61,0.6009,8.3677,-5.0853,-0.03406,0.00319,0.00798,0
2026-10-06T23:07:02.139,580978827,25.6,0.5794,8.3677,-5.102,-0.03406,0.00319,0.00745,0
2026-10-06T23:07:02.172,581079089,25.61,0.5818,8.3582,-5.0853,-0.03459,0.00266,0.00745,0
2026-10-06T23:07:02.274,581180160,25.63,0.6057,8.3534,-5.0661,-0.03406,0.00266,0.00745,0
2026-10-06T23:07:02.363,581270093,25.61,0.6009,8.3534,-5.0422,-0.03352,0.00319,0.00745,0
2026-10-06T23:07:02.459,581298775,25.62,0.5866,8.3462,-5.0494,-0.03352,0.00213,0.00692,0
2026-10-06T23:07:02.578,581484089,25.62,0.5866,8.3534,-5.0685,-0.03352,0.00266,0.00745,0
2026-10-06T23:07:03.086,581993093,25.62,0.5722,8.3486,-5.0949,-0.03459,0.00319,0.00745,0
2026-10-06T23:07:03.596,582503089,25.62,0.6081,8.339,-5.0829,-0.03406,0.00319,0.00745,0
2026-10-06T23:07:04.105,583012211,25.63,0.5722,8.3438,-5.0685,-0.03406,0.00372,0.00692,0
2026-10-06T23:07:04.615,583522218,25.62,0.577,8.3414,-5.0613,-0.03352,0.00319,0.00692,0
2026-10-06T23:07:05.140,584043089,25.64,0.6081,8.3677,-5.0566,-0.03406,0.00266,0.00798,0
2026-10-06T23:07:05.645,584551096,25.63,0.5722,8.3462,-5.047,-0.03459,0.00372,0.00745,0
2026-10-06T23:07:06.158,585062089,25.62,0.6081,8.3462,-5.0446,-0.03406,0.00266,0.00798,0
2026-10-06T23:07:06.736,585586089,25.63,0.5818,8.351,-5.0613,-0.03459,0.00372,0.00798,0
2026-10-06T23:07:07.247,586107199,25.65,0.5986,8.3749,-5.0853,-0.03299,0.00319,0.00851,0
2026-10-06T23:07:07.597,586504089,25.65,0.5914,8.3366,-5.0661,-0.03406,0.00319,0.00692,0
2026-10-06T23:07:08.106,587013093,25.66,0.5866,8.3606,-5.0637,-0.03459,0.00372,0.00798,0
2026-10-06T23:07:08.618,587524194,25.65,0.6153,8.3318,-5.0494,-0.03406,0.00319,0.00692,0
2026-10-06T23:07:09.130,588035093,25.65,0.5794,8.3462,-5.0973,-0.03406,0.00372,0.00745,0
2026-10-06T23:07:09.622,588529097,25.66,0.5986,8.3318,-4.9991,-0.03459,0.00319,0.00745,0
2026-10-06T23:07:12.803,591710106,25.7,0.5986,8.3558,-5.0422,-0.03459,0.00266,0.00745,0
2026-10-06T23:07:12.916,591822124,25.7,0.6009,8.3175,-5.0542,-0.03406,0.00319,0.00851,0
2026-10-06T23:07:13.007,591914089,25.71,0.6009,8.3629,-5.0566,-0.03459,0.00266,0.00745,0
2026-10-06T23:07:13.108,592015093,25.69,0.589,8.3725,-5.0685,-0.03352,0.00372,0.00745,0
2026-10-06T23:07:13.211,592114260,25.69,0.5626,8.327,-5.0829,-0.03352,0.00372,0.00745,0
2026-10-06T23:07:13.306,592209108,25.69,0.589,8.327,-5.035,-0.03352,0.00266,0.00745,0
2026-10-06T23:07:13.408,592314256,25.69,0.6033,8.3725,-5.0685,-0.03459,0.00213,0.00745,0
2026-10-06T23:07:13.617,592524095,25.7,0.6033,8.3414,-5.1116,-0.03406,0.00266,0.00798,0
2026-10-06T23:07:14.214,593058145,25.7,0.577,8.3534,-5.0709,-0.03406,0.00319,0.00798,0
2026-10-06T23:07:14.718,593570093,25.71,0.5938,8.3294,-5.0398,-0.03406,0.00372,0.00745,0
2026-10-06T23:07:15.162,594068093,25.71,0.5794,8.3486,-5.047,-0.03459,0.00213,0.00745,0
2026-10-06T23:07:15.675,594580232,25.73,0.5818,8.3725,-5.0494,-0.03352,0.00319,0.00692,0
2026-10-06T23:07:16.090,594998149,25.71,0.6009,8.3582,-5.0278,-0.03406,0.00372,0.00745,0
2026-10-06T23:07:16.589,595496099,25.72,0.5866,8.3653,-5.0422,-0.03406,0.00213,0.00692,0
2026-10-06T23:07:17.111,596018158,25.72,0.6033,8.3414,-5.0518,-0.03406,0.00319,0.00745,0
2026-10-06T23:07:17.612,596519093,25.73,0.5818,8.3653,-5.0805,-0.03352,0.00213,0.00692,0
2026-10-06T23:07:18.123,597029089,25.71,0.6105,8.3701,-5.0757,-0.03459,0.00266,0.00745,0
2026-10-06T23:07:18.631,597536097,25.72,0.6105,8.3725,-5.0422,-0.03459,0.00319,0.00798,0
2026-10-06T23:07:19.139,598039093,25.74,0.6033,8.351,-5.0542,-0.03406,0.00372,0.00745,0
2026-10-06T23:07:19.665,598572093,25.73,0.5866,8.3294,-5.0613,-0.03406,0.00319,0.00692,0
2026-10-06T23:07:20.079,598985154,25.71,0.5722,8.3438,-5.0685,-0.03406,0.00319,0.00745,0
2026-10-06T23:07:20.579,599486089,25.75,0.6033,8.3558,-5.0518,-0.03406,0.00372,0.00745,0
2026-10-06T23:07:23.859,602766093,25.76,0.6105,8.3558,-5.0685,-0.03406,0.00372,0.00745,0
2026-10-06T23:07:23.962,602866089,25.76,0.5794,8.3438,-5.0781,-0.03406,0.00266,0.00798,0
2026-10-06T23:07:24.039,602905093,25.76,0.5674,8.3366,-5.0853,-0.03459,0.00426,0.00745,0
2026-10-06T23:07:24.139,602989089,25.76,0.5578,8.3366,-5.0566,-0.03459,0.00319,0.00745,0
2026-10-06T23:07:24.241,603099148,25.77,0.5914,8.3414,-5.0877,-0.03352,0.00319,0.00798,0
2026-10-06T23:07:24.264,603171218,25.77,0.6057,8.3246,-5.0254,-0.03406,0.00266,0.00692,0
2026-10-06T23:07:24.362,603269093,25.77,0.6009,8.3486,-5.0422,-0.03352,0.00266,0.00798,0
2026-10-06T23:07:24.570,603476089,25.76,0.5914,8.351,-5.1092,-0.03406,0.00319,0.00798,0
2026-10-06T23:07:25.081,603987134,25.78,0.5866,8.3414,-5.0518,-0.03352,0.00372,0.00692,0
2026-10-06T23:07:25.603,604510093,25.77,0.6105,8.3222,-5.0589,-0.03406,0.00426,0.00692,0
2026-10-06T23:07:26.106,605008223,25.79,0.577,8.351,-5.0613,-0.03406,0.00372,0.00692,0
2026-10-06T23:07:26.624,605529093,25.77,0.5938,8.3534,-5.0254,-0.03352,0.00266,0.00745,0
2026-10-06T23:07:27.134,606041117,25.77,0.589,8.3629,-5.0757,-0.03512,0.00266,0.00692,0
2026-10-06T23:07:27.646,606551093,25.77,0.589,8.3653,-5.0733,-0.03406,0.00266,0.00745,0
2026-10-06T23:07:28.155,607062089,25.8,0.6177,8.3318,-5.0733,-0.03406,0.00319,0.00745,0
2026-10-06T23:07:28.665,607572093,25.81,0.6081,8.3414,-5.0685,-0.03406,0.00266,0.00798,0
2026-10-06T23:07:29.175,608082089,25.79,0.5962,8.3342,-5.0087,-0.03406,0.00213,0.00798,0
2026-10-06T23:07:29.589,608495093,25.79,0.5818,8.3677,-5.0901,-0.03406,0.00319,0.00798,0
2026-10-06T23:07:30.101,609008089,25.81,0.5674,8.3486,-5.0374,-0.03299,0.00266,0.00745,0
2026-10-06T23:07:30.611,609518093,25.79,0.6057,8.351,-5.0949,-0.03352,0.00319,0.00745,0
2026-10-06T23:07:31.122,610027089,25.83,0.5914,8.3318,-5.0446,-0.03406,0.00319,0.00745,0
2026-10-06T23:07:31.711,610558101,25.82,0.5842,8.3629,-5.0949,-0.03406,0.00319,0.00745,0
2026-10-06T23:07:34.809,613715089,25.83,0.6009,8.3677,-5.0709,-0.03352,0.00319,0.00692,0
2026-10-06T23:07:34.914,613815093,25.83,0.5698,8.3582,-5.0589,-0.03406,0.00372,0.00745,0
2026-10-06T23:07:35.016,613916089,25.84,0.577,8.3534,-5.0877,-0.03352,0.00319,0.00639,0
2026-10-06T23:07:35.115,614014093,25.83,0.589,8.3462,-5.0661,-0.03352,0.00426,0.00692,0
2026-10-06T23:07:35.185,614053188,25.84,0.5722,8.3342,-5.0685,-0.03352,0.00372,0.00745,0
2026-10-06T23:07:35.217,614124089,25.82,0.5626,8.3486,-5.0733,-0.03406,0.00372,0.00692,0
2026-10-06T23:07:35.293,614151827,25.84,0.5938,8.3606,-5.0973,-0.03352,0.00266,0.00692,0
2026-10-06T23:07:35.623,614526097,25.85,0.589,8.3677,-5.0374,-0.03459,0.00266,0.00745,0
2026-10-06T23:07:36.138,615045093,25.86,0.5746,8.3701,-5.0494,-0.03299,0.00266,0.00692,0
2026-10-06T23:07:36.717,615568093,25.87,0.6057,8.3486,-5.0542,-0.03406,0.00372,0.00692,0
2026-10-06T23:07:37.170,616077089,25.87,0.565,8.3534,-5.0757,-0.03352,0.00319,0.00692,0
2026-10-06T23:07:37.575,616480089,25.85,0.5914,8.3653,-5.0302,-0.03459,0.00266,0.00692,0
2026-10-06T23:07:38.093,617001145,25.85,0.6081,8.3534,-5.0613,-0.03352,0.00372,0.00692,0
2026-10-06T23:07:38.598,617498152,25.87,0.5962,8.3629,-5.047,-0.03459,0.00319,0.00745,0
2026-10-06T23:07:39.100,618007093,25.85,0.6033,8.3558,-5.0302,-0.03406,0.00266,0.00798,0
2026-10-06T23:07:39.624,618527093,25.86,0.5962,8.3462,-5.0925,-0.03352,0.00266,0.00745,0
2026-10-06T23:07:40.134,619034089,25.87,0.5938,8.3606,-5.0374,-0.03352,0.00266,0.00745,0
2026-10-06T23:07:40.647,619554098,25.87,0.5986,8.3558,-5.0398,-0.03352,0.00319,0.00639,0
2026-10-06T23:07:41.146,620054089,25.86,0.5794,8.3629,-5.0326,-0.03406,0.00319,0.00798,0
2026-10-06T23:07:41.671,620575089,25.88,0.589,8.3606,-5.0566,-0.03406,0.00266,0.00798,0
2026-10-06T23:07:42.081,620984093,25.88,0.589,8.3414,-5.035,-0.03352,0.00266,0.00851,0
2026-10-06T23:07:42.584,621491089,25.89,0.5914,8.3582,-5.0566,-0.03406,0.00266,0.00745,0
2026-10-06T23:07:45.857,624765093,25.9,0.6057,8.3246,-5.0709,-0.03352,0.00372,0.00798,0
2026-10-06T23:07:45.957,624864092,25.91,0.5818,8.3534,-5.0278,-0.03352,0.00319,0.00745,0
2026-10-06T23:07:46.058,624965093,25.89,0.5962,8.3438,-5.0709,-0.03406,0.00319,0.00745,0
2026-10-06T23:07:46.142,625006097,25.91,0.5674,8.3438,-5.0661,-0.03406,0.00426,0.00798,0
2026-10-06T23:07:46.173,625081089,25.9,0.5818,8.3558,-5.0566,-0.03352,0.00319,0.00745,0
2026-10-06T23:07:46.280,625179093,25.89,0.5842,8.3534,-5.0877,-0.03299,0.00372,0.00692,0
2026-10-06T23:07:46.369,625277089,25.91,0.5746,8.3414,-5.0589,-0.03406,0.00319,0.00745,0
2026-10-06T23:07:46.584,625484089,25.9,0.6009,8.3486,-5.0973,-0.03406,0.00266,0.00745,0
2026-10-06T23:07:47.085,625992093,25.9,0.6177,8.3606,-5.0302,-0.03406,0.00372,0.00798,0
2026-10-06T23:07:47.595,626502215,25.92,0.6009,8.351,-5.0661,-0.03406,0.00319,0.00798,0
2026-10-06T23:07:48.106,627013093,25.92,0.6081,8.351,-5.0733,-0.03406,0.00319,0.00745,0
2026-10-06T23:07:48.617,627524089,25.92,0.589,8.3845,-5.0829,-0.03406,0.00266,0.00745,0
2026-10-06T23:07:49.238,628145089,25.91,0.5842,8.3486,-5.0542,-0.03406,0.00319,0.00692,0
2026-10-06T23:07:49.638,628545238,25.91,0.6057,8.3677,-5.0805,-0.03406,0.00319,0.00745,0
2026-10-06T23:07:50.159,629067089,25.94,0.6153,8.3438,-5.0733,-0.03406,0.00266,0.00639,0
2026-10-06T23:07:50.668,629576093,25.91,0.6081,8.3606,-5.0542,-0.03406,0.00372,0.00692,0
2026-10-06T23:07:51.149,629989089,25.94,0.5842,8.3582,-5.0589,-0.03352,0.00319,0.00692,0
2026-10-06T23:07:51.592,630499093,25.94,0.5962,8.3749,-5.0613,-0.03406,0.00266,0.00745,0
2026-10-06T23:07:52.102,631010089,25.94,0.6081,8.3653,-5.0589,-0.03299,0.00266,0.00745,0
2026-10-06T23:07:52.611,631519093,25.94,0.5842,8.3629,-5.0973,-0.03352,0.00372,0.00745,0
2026-10-06T23:07:53.122,632029232,25.94,0.5842,8.3558,-5.0853,-0.03459,0.00319,0.00692,0
2026-10-06T23:07:53.633,632539093,25.96,0.5842,8.3749,-5.0542,-0.03299,0.00372,0.00745,0
2026-10-06T23:07:56.878,635721089,25.97,0.6129,8.3414,-5.0805,-0.03459,0.00426,0.00745,0
2026-10-06T23:07:56.914,635822093,25.97,0.589,8.3582,-5.0374,-0.03352,0.00372,0.00798,0
2026-10-06T23:07:57.015,635921089,25.98,0.5794,8.3486,-5.0685,-0.03352,0.00213,0.00745,0
2026-10-06T23:07:57.104,636011213,25.99,0.5698,8.3677,-5.0422,-0.03352,0.00319,0.00745,0
2026-10-06T23:07:57.192,636038801,25.99,0.5842,8.3749,-5.0877,-0.03406,0.00319,0.00692,0
2026-10-06T23:07:57.222,636128116,25.97,0.5962,8.3414,-5.0949,-0.03459,0.00372,0.00745,0
2026-10-06T23:07:57.310,636218093,25.98,0.6057,8.3629,-5.0661,-0.03352,0.00319,0.00692,0
2026-10-06T23:07:57.616,636523093,25.96,0.6081,8.3845,-5.0877,-0.03406,0.00372,0.00745,0
2026-10-06T23:07:58.141,637046093,25.98,0.5914,8.2887,-5.0949,-0.03406,0.00372,0.00692,0
2026-10-06T23:07:58.649,637557089,25.97,0.5722,8.3486,-5.035,-0.03459,0.00372,0.00745,0
2026-10-06T23:07:59.063,637970093,25.98,0.5962,8.3486,-5.0925,-0.03406,0.00266,0.00745,0
2026-10-06T23:07:59.650,638504221,25.99,0.6105,8.3486,-5.0278,-0.03352,0.00319,0.00692,0
2026-10-06T23:08:00.078,638986220,25.98,0.5938,8.3318,-5.0398,-0.03406,0.00372,0.00692,0
2026-10-06T23:08:00.600,639508093,25.99,0.6177,8.3486,-5.0901,-0.03352,0.00266,0.00745,0
2026-10-06T23:08:01.114,640023147,25.98,0.5842,8.3629,-5.0781,-0.03352,0.00266,0.00692,0
2026-10-06T23:08:01.614,640522093,25.99,0.577,8.3486,-5.0374,-0.03406,0.00319,0.00692,0
2026-10-06T23:08:02.135,641043093,26.0,0.6225,8.3582,-5.0159,-0.03406,0.00319,0.00798,0
2026-10-06T23:08:02.645,641553089,26.0,0.6129,8.3606,-5.0613,-0.03352,0.00319,0.00639,0
2026-10-06T23:08:03.059,641967093,26.02,0.5914,8.3606,-5.0781,-0.03352,0.00266,0.00745,0
2026-10-06T23:08:03.667,642573089,26.03,0.6081,8.3582,-5.0566,-0.03406,0.00319,0.00745,0
2026-10-06T23:08:04.069,642977093,26.02,0.6009,8.3582,-5.0566,-0.03406,0.00266,0.00798,0
2026-10-06T23:08:04.581,643487255,26.02,0.6081,8.3606,-5.0518,-0.03352,0.00372,0.00745,0
2026-10-06T23:08:07.857,646765089,26.02,0.5986,8.3558,-5.0494,-0.03406,0.00266,0.00692,0
2026-10-06T23:08:07.938,646804146,26.05,0.6105,8.3582,-5.0446,-0.03406,0.00372,0.00745,0
2026-10-06T23:08:07.968,646876161,26.05,0.5938,8.3558,-5.0446,-0.03406,0.00266,0.00745,0
2026-10-06T23:08:08.059,646965248,26.03,0.5914,8.3486,-5.0853,-0.03406,0.00213,0.00745,0
2026-10-06T23:08:08.144,647007097,26.04,0.5818,8.3534,-5.0542,-0.03459,0.00266,0.00745,0
2026-10-06T23:08:08.171,647079089,26.03,0.6057,8.3653,-5.0542,-0.03406,0.00266,0.00745,0
2026-10-06T23:08:08.282,647190101,26.05,0.6225,8.3366,-5.0685,-0.03352,0.00319,0.00745,0
2026-10-06T23:08:08.576,647484093,26.06,0.5842,8.3534,-5.0613,-0.03459,0.00319,0.00692,0
2026-10-06T23:08:09.087,647995089,26.04,0.6057,8.3462,-5.0182,-0.03459,0.00426,0.00798,0
2026-10-06T23:08:09.597,648505093,26.04,0.5986,8.351,-5.0398,-0.03352,0.00372,0.00692,0
2026-10-06T23:08:10.107,649015090,26.05,0.6009,8.3653,-5.0542,-0.03352,0.00372,0.00745,0
2026-10-06T23:08:10.619,649526136,26.07,0.5698,8.3318,-5.0111,-0.03459,0.00266,0.00745,0
2026-10-06T23:08:11.129,650037089,26.04,0.589,8.3438,-5.047,-0.03352,0.00372,0.00745,0
2026-10-06T23:08:11.640,650548218,26.06,0.5938,8.3342,-5.0422,-0.03406,0.00266,0.00692,0
2026-10-06T23:08:12.164,651070093,26.07,0.6105,8.3701,-5.0661,-0.03406,0.00319,0.00851,0
2026-10-06T23:08:12.672,651580089,26.06,0.6201,8.3677,-5.0542,-0.03406,0.00319,0.00692,0
2026-10-06T23:08:13.086,651991093,26.08,0.6033,8.3558,-5.0589,-0.03352,0.00319,0.00692,0
2026-10-06T23:08:13.673,652507242,26.07,0.6033,8.3534,-5.0637,-0.03406,0.00319,0.00639,0
2026-10-06T23:08:14.108,653016248,26.08,0.6177,8.3342,-5.0422,-0.03459,0.00319,0.00798,0
2026-10-06T23:08:14.617,653525244,26.07,0.5746,8.3749,-5.0542,-0.03352,0.00266,0.00692,0
2026-10-06T23:08:15.128,654036248,26.07,0.5986,8.339,-5.0613,-0.03406,0.00372,0.00745,0
2026-10-06T23:08:15.638,654546244,26.08,0.5842,8.3342,-5.0374,-0.03352,0.00213,0.00798,0
2026-10-06T23:08:18.821,657726096,26.1,0.5914,8.3462,-5.0733,-0.03352,0.00372,0.00745,0
2026-10-06T23:08:18.917,657825089,26.09,0.5914,8.3582,-5.0542,-0.03406,0.00319,0.00798,0
2026-10-06T23:08:19.019,657925106,26.09,0.6201,8.3534,-5.0996,-0.03352,0.00319,0.00692,0
2026-10-06T23:08:19.109,658016208,26.1,0.5938,8.339,-5.0829,-0.03459,0.00372,0.00692,0
2026-10-06T23:08:19.188,658044838,26.1,0.5818,8.3462,-5.0398,-0.03406,0.00213,0.00745,0
2026-10-06T23:08:19.228,658134089,26.1,0.5914,8.3701,-5.0685,-0.03459,0.00266,0.00639,0
2026-10-06T23:08:19.319,658226089,26.1,0.565,8.3582,-5.0326,-0.03352,0.00319,0.00745,0
2026-10-06T23:08:19.617,658526093,26.1,0.5914,8.3677,-5.0518,-0.03459,0.00319,0.00745,0
2026-10-06T23:08:20.139,659047089,26.1,0.6033,8.3342,-5.0637,-0.03352,0.00319,0.00745,0
2026-10-06T23:08:20.649,659557095,26.12,0.5938,8.3701,-5.0446,-0.03352,0.00372,0.00798,0
2026-10-06T23:08:21.161,660067089,26.13,0.6033,8.3629,-5.035,-0.03352,0.00426,0.00798,0
2026-10-06T23:08:21.644,660495153,26.11,0.577,8.3725,-5.0302,-0.03406,0.00372,0.00692,0
2026-10-06T23:08:22.095,661003089,26.1,0.6033,8.3534,-5.035,-0.03299,0.00319,0.00745,0
2026-10-06T23:08:22.596,661502089,26.09,0.5866,8.3294,-5.0613,-0.03352,0.00319,0.00745,0
2026-10-06T23:08:23.107,662015093,26.11,0.5698,8.3246,-5.0302,-0.03406,0.00266,0.00745,0
2026-10-06T23:08:23.617,662525089,26.12,0.6057,8.3701,-5.0661,-0.03406,0.00372,0.00798,0
2026-10-06T23:08:24.138,663046089,26.13,0.5722,8.3653,-5.0853,-0.03352,0.00372,0.00692,0
2026-10-06T23:08:24.648,663556102,26.12,0.589,8.3677,-5.0542,-0.03352,0.00266,0.00745,0
2026-10-06T23:08:25.161,664066089,26.11,0.5866,8.3175,-5.0805,-0.03352,0.00266,0.00745,0
2026-10-06T23:08:25.669,664575093,26.14,0.5914,8.3725,-5.0542,-0.03406,0.00319,0.00692,0
2026-10-06T23:08:26.071,664978144,26.14,0.6105,8.3653,-5.0566,-0.03406,0.00372,0.00745,0
2026-10-06T23:08:26.592,665500093,26.15,0.5962,8.351,-5.0422,-0.03352,0.00266,0.00692,0
2026-10-06T23:08:29.764,668670093,26.14,0.5842,8.3486,-5.114,-0.03406,0.00319,0.00798,0
2026-10-06T23:08:29.865,668774089,26.13,0.5818,8.3438,-5.0685,-0.03352,0.00213,0.00745,0
2026-10-06T23:08:29.966,668873094,26.12,0.5914,8.3821,-5.0278,-0.03352,0.00266,0.00692,0
2026-10-06T23:08:30.043,668901582,26.13,0.577,8.3294,-5.0685,-0.03352,0.00372,0.00745,0
2026-10-06T23:08:30.067,668975093,26.14,0.5794,8.3414,-5.0781,-0.03352,0.00319,0.00745,0
2026-10-06T23:08:30.162,669071094,26.14,0.5842,8.3582,-5.0613,-0.03459,0.00319,0.00692,0
2026-10-06T23:08:30.268,669177093,26.15,0.5842,8.3414,-5.0182,-0.03352,0.00266,0.00692,0
2026-10-06T23:08:30.574,669482089,26.15,0.6129,8.3749,-5.0374,-0.03406,0.00266,0.00692,0
2026-10-06T23:08:31.095,670003089,26.13,0.5818,8.3534,-5.0685,-0.03352,0.00319,0.00745,0
2026-10-06T23:08:31.603,670512093,26.14,0.5914,8.3725,-5.0398,-0.03459,0.00319,0.00745,0
2026-10-06T23:08:32.114,671022089,26.17,0.5794,8.3342,-5.0829,-0.03352,0.00372,0.00851,0
2026-10-06T23:08:32.635,671543089,26.15,0.6081,8.3342,-5.0685,-0.03406,0.00266,0.00798,0
2026-10-06T23:08:33.134,672041182,26.16,0.6009,8.3653,-5.0566,-0.03459,0.00266,0.00745,0
2026-10-06T23:08:33.647,672552202,26.17,0.5818,8.3606,-5.0326,-0.03459,0.00372,0.00745,0
2026-10-06T23:08:34.166,673073093,26.17,0.5986,8.3318,-5.0829,-0.03406,0.00266,0.00745,0
2026-10-06T23:08:34.568,673476093,26.17,0.5842,8.3629,-5.0757,-0.03406,0.00319,0.00798,0
2026-10-06T23:08:35.090,673998093,26.15,0.5914,8.351,-5.0733,-0.03406,0.00266,0.00745,0
2026-10-06T23:08:35.589,674497221,26.18,0.6081,8.3534,-5.0446,-0.03406,0.00319,0.00692,0
2026-10-06T23:08:36.104,675012089,26.17,0.5866,8.3606,-5.0589,-0.03459,0.00319,0.00692,0
2026-10-06T23:08:36.696,675534089,26.18,0.5938,8.3486,-5.0637,-0.03352,0.00319,0.00692,0
2026-10-06T23:08:37.133,676041093,26.18,0.5794,8.3893,-5.047,-0.03406,0.00266,0.00798,0
2026-10-06T23:08:37.641,676550089,26.16,0.5866,8.3486,-5.0422,-0.03352,0.00319,0.00745,0
2026-10-06T23:08:40.807,679716089,26.22,0.6105,8.3462,-5.0733,-0.03406,0.00319,0.00692,0
2026-10-06T23:08:40.892,679756093,26.19,0.6105,8.3462,-5.0589,-0.03459,0.00319,0.00692,0
2026-10-06T23:08:40.996,679840089,26.19,0.577,8.3677,-5.0494,-0.03406,0.00319,0.00745,0
2026-10-06T23:08:41.024,679930089,26.2,0.589,8.3462,-5.0829,-0.03406,0.00372,0.00798,0
2026-10-06T23:08:41.112,680020089,26.2,0.5818,8.3677,-5.0302,-0.03459,0.00372,0.00639,0
2026-10-06T23:08:41.220,680128093,26.21,0.5986,8.3725,-5.0542,-0.03406,0.00319,0.00745,0
2026-10-06T23:08:41.309,680215210,26.19,0.5602,8.3677,-5.0613,-0.03406,0.00372,0.00745,0
2026-10-06T23:08:41.620,680527166,26.21,0.5986,8.3438,-5.0637,-0.03406,0.00372,0.00798,0
2026-10-06T23:08:42.138,681046093,26.21,0.5626,8.3749,-5.0326,-0.03352,0.00213,0.00798,0
2026-10-06T23:08:42.662,681568093,26.21,0.5914,8.3366,-5.0494,-0.03459,0.00319,0.00745,0
2026-10-06T23:08:43.064,681972093,26.21,0.5914,8.3606,-5.0613,-0.03352,0.00426,0.00692,0
2026-10-06T23:08:43.585,682494093,26.21,0.6225,8.3342,-5.0039,-0.03459,0.00372,0.00798,0
2026-10-06T23:08:44.088,682992093,26.2,0.5866,8.3582,-5.0805,-0.03406,0.00372,0.00745,0
2026-10-06T23:08:44.593,683502089,26.19,0.5914,8.3486,-5.035,-0.03406,0.00266,0.00692,0
2026-10-06T23:08:45.104,684012247,26.22,0.6249,8.3606,-5.0877,-0.03459,0.00372,0.00798,0
2026-10-06T23:08:45.626,684534093,26.22,0.6009,8.3462,-5.023,-0.03299,0.00372,0.00745,0
2026-10-06T23:08:48.793,687702093,26.24,0.5746,8.3869,-5.0422,-0.03406,0.00372,0.00745,0
2026-10-06T23:08:51.553,690462093,26.23,0.5866,8.3773,-5.0949,-0.03406,0.00266,0.00745,0
2026-10-06T23:08:51.655,690561265,26.24,0.5794,8.351,-5.0877,-0.03352,0.00319,0.00745,0
2026-10-06T23:08:51.762,690654278,26.24,0.5626,8.3462,-5.0518,-0.03459,0.00319,0.00745,0
2026-10-06T23:08:51.854,690762093,26.24,0.6129,8.3318,-5.0206,-0.03512,0.00319,0.00745,0
2026-10-06T23:08:51.961,690868108,26.24,0.5962,8.3438,-5.0901,-0.03352,0.00319,0.00692,0
2026-10-06T23:08:52.052,690960120,26.24,0.5962,8.3677,-5.0518,-0.03406,0.00266,0.00745,0
2026-10-06T23:08:52.148,691001277,26.25,0.5866,8.3869,-5.0925,-0.03406,0.00426,0.00745,0
2026-10-06T23:08:52.180,691089089,26.25,0.5842,8.3462,-5.0135,-0.03406,0.00372,0.00798,0
2026-10-06T23:08:52.272,691179089,26.25,0.6009,8.3462,-5.0494,-0.03406,0.00266,0.00851,0
2026-10-06T23:08:52.344,691221093,26.23,0.5962,8.351,-5.0709,-0.03406,0.00319,0.00692,0
2026-10-06T23:08:52.384,691293093,26.25,0.6153,8.3629,-5.0709,-0.03352,0.00319,0.00745,0
2026-10-06T23:08:52.476,691382111,26.25,0.6321,8.3318,-5.0494,-0.03352,0.00319,0.00798,0
2026-10-06T23:08:52.578,691484089,26.26,0.5986,8.3414,-5.0733,-0.03352,0.00372,0.00798,0
2026-10-06T23:08:53.095,692004089,26.25,0.5794,8.3558,-5.0326,-0.03406,0.00372,0.00798,0
2026-10-06T23:08:53.595,692503089,26.27,0.5722,8.3534,-5.0398,-0.03406,0.00213,0.00745,0
2026-10-06T23:08:54.117,693026089,26.27,0.6105,8.3629,-5.0637,-0.03352,0.00372,0.00745,0
2026-10-06T23:08:54.626,693535093,26.26,0.5746,8.3462,-5.0709,-0.03459,0.00266,0.00798,0
2026-10-06T23:08:55.146,694056147,26.26,0.5938,8.3462,-5.0781,-0.03406,0.00372,0.00745,0
2026-10-06T23:08:55.645,694552250,26.27,0.6033,8.3677,-5.0589,-0.03512,0.00213,0.00745,0
2026-10-06T23:08:56.165,695074093,26.27,0.6033,8.3366,-5.0613,-0.03459,0.00319,0.00745,0
2026-10-06T23:08:56.569,695476093,26.3,0.5938,8.3558,-5.0566,-0.03406,0.00319,0.00745,0
2026-10-06T23:08:57.078,695986203,26.27,0.5818,8.3749,-5.0685,-0.03406,0.00319,0.00798,0
2026-10-06T23:08:57.600,696508089,26.27,0.5794,8.3486,-5.0398,-0.03406,0.00372,0.00745,0
2026-10-06T23:08:58.112,697018093,26.28,0.589,8.3414,-5.0901,-0.03406,0.00319,0.00692,0
2026-10-06T23:08:58.621,697529089,26.27,0.5842,8.3821,-5.0589,-0.03352,0.00319,0.00745,0
2026-10-06T23:08:59.133,698041093,26.29,0.5914,8.3653,-5.0733,-0.03406,0.00319,0.00798,0
2026-10-06T23:08:59.642,698551089,26.28,0.5938,8.339,-5.0542,-0.03352,0.00372,0.00639,0
2026-10-06T23:09:02.810,701718089,26.29,0.6105,8.3414,-5.0613,-0.03406,0.00319,0.00745,0
2026-10-06T23:09:02.906,701814249,26.29,0.5794,8.3701,-5.035,-0.03352,0.00319,0.00851,0
2026-10-06T23:09:03.004,701910139,26.29,0.5962,8.3342,-5.0518,-0.03352,0.00266,0.00851,0
2026-10-06T23:09:03.095,701941907,26.29,0.5866,8.3246,-5.0733,-0.03406,0.00266,0.00745,0
2026-10-06T23:09:03.192,702053097,26.3,0.6081,8.3653,-5.0494,-0.03352,0.00213,0.00745,0
2026-10-06T23:09:03.300,702151129,26.3,0.6105,8.327,-5.0566,-0.03352,0.00319,0.00798,0
2026-10-06T23:09:03.402,702253246,26.3,0.5722,8.3629,-5.0709,-0.03352,0.00319,0.00798,0
2026-10-06T23:09:03.607,702471223,26.28,0.5722,8.3582,-5.0278,-0.03352,0.00426,0.00745,0
2026-10-06T23:09:04.142,703049093,26.29,0.5746,8.3318,-5.0398,-0.03406,0.00372,0.00745,0
2026-10-06T23:09:04.652,703561089,26.29,0.6153,8.3558,-5.0589,-0.03459,0.00266,0.00692,0
2026-10-06T23:09:05.162,704070093,26.3,0.589,8.3246,-5.0542,-0.03406,0.00266,0.00639,0
2026-10-06T23:09:05.575,704484089,26.31,0.6009,8.3845,-5.0685,-0.03459,0.00319,0.00745,0
2026-10-06T23:09:06.088,704994093,26.31,0.577,8.3582,-5.0589,-0.03459,0.00319,0.00798,0
2026-10-06T23:09:06.595,705502200,26.31,0.5866,8.3318,-5.0637,-0.03406,0.00319,0.00798,0
2026-10-06T23:09:07.116,706024089,26.3,0.589,8.3414,-5.0589,-0.03352,0.00319,0.00745,0
2026-10-06T23:09:07.630,706537093,26.31,0.6033,8.3438,-5.0901,-0.03459,0.00266,0.00798,0
2026-10-06T23:09:08.141,707050089,26.3,0.5722,8.3653,-5.0326,-0.03352,0.00266,0.00692,0
2026-10-06T23:09:08.634,707542169,26.3,0.5746,8.3462,-5.0589,-0.03299,0.00426,0.00745,0
2026-10-06T23:09:09.156,708065089,26.31,0.6009,8.3438,-5.0494,-0.03406,0.00319,0.00798,0
2026-10-06T23:09:09.665,708574093,26.32,0.5914,8.339,-5.0589,-0.03512,0.00372,0.00798,0
2026-10-06T23:09:10.078,708987089,26.3,0.5914,8.3582,-5.0182,-0.03406,0.00266,0.00639,0
2026-10-06T23:09:10.587,709496093,26.32,0.6057,8.3534,-5.047,-0.03352,0.00319,0.00745,0
2026-10-06T23:09:13.979,712819088,26.32,0.5866,8.3677,-5.023,-0.03406,0.00266,0.00745,0
2026-10-06T23:09:14.373,713096143,26.34,0.5866,8.3582,-5.0159,-0.03406,0.00319,0.00798,0
2026-10-06T23:09:14.557,713413093,26.34,0.6249,8.3725,-5.0422,-0.03352,0.00213,0.00745,0
2026-10-06T23:09:14.671,713524248,26.35,0.6177,8.3677,-5.0853,-0.03459,0.00319,0.00745,0
2026-10-06T23:09:14.769,713620226,26.33,0.6129,8.3486,-5.0637,-0.03299,0.00372,0.00745,0
2026-10-06T23:09:14.902,713730182,26.35,0.6033,8.3677,-5.047,-0.03406,0.00266,0.00692,0
2026-10-06T23:09:15.075,713923101,26.33,0.589,8.3558,-5.0374,-0.03406,0.00426,0.00745,0
2026-10-06T23:09:15.279,714113093,26.34,0.6225,8.3462,-5.0637,-0.03352,0.00319,0.00745,0
2026-10-06T23:09:15.383,714233169,26.34,0.5842,8.351,-5.0494,-0.03352,0.00372,0.00745,0
2026-10-06T23:09:16.941,715849089,26.34,0.5842,8.3558,-5.0901,-0.03459,0.00266,0.00692,0
2026-10-06T23:09:17.032,715937539,26.34,0.577,8.3701,-5.0685,-0.03406,0.00319,0.00745,0
2026-10-06T23:09:17.132,716042093,26.37,0.589,8.3414,-5.0685,-0.03406,0.00319,0.00745,0
2026-10-06T23:09:17.229,716137131,26.36,0.5914,8.3582,-5.0637,-0.03406,0.00372,0.00745,0
2026-10-06T23:09:17.654,716563093,26.32,0.6153,8.351,-5.0542,-0.03406,0.00266,0.00692,0
2026-10-06T23:09:18.165,717074089,26.36,0.6105,8.3653,-5.0925,-0.03352,0.00319,0.00851,0
2026-10-06T23:09:18.653,717500143,26.35,0.5698,8.3629,-5.0494,-0.03406,0.00266,0.00798,0
2026-10-06T23:09:19.086,717995228,26.34,0.5722,8.351,-5.0757,-0.03352,0.00319,0.00745,0
2026-10-06T23:09:19.600,718505213,26.34,0.5914,8.3486,-5.0374,-0.03352,0.00266,0.00745,0
2026-10-06T23:09:20.105,719014240,26.32,0.6201,8.3606,-5.0278,-0.03406,0.00319,0.00692,0
2026-10-06T23:09:20.627,719537143,26.33,0.5962,8.3486,-5.0566,-0.03352,0.00319,0.00745,0
2026-10-06T23:09:21.137,720046093,26.34,0.5866,8.3749,-5.0446,-0.03406,0.00372,0.00798,0
2026-10-06T23:09:21.648,720556089,26.34,0.6105,8.3606,-5.035,-0.03406,0.00319,0.00745,0
2026-10-06T23:09:24.817,723724089,26.35,0.5698,8.3677,-5.0182,-0.03406,0.00319,0.00692,0
2026-10-06T23:09:24.897,723764093,26.36,0.589,8.3342,-5.0685,-0.03459,0.00266,0.00745,0
2026-10-06T23:09:24.927,723836093,26.36,0.589,8.3414,-5.0613,-0.03459,0.00213,0.00798,0
2026-10-06T23:09:25.034,723937231,26.36,0.6057,8.3773,-5.0182,-0.03406,0.00372,0.00745,0
2026-10-06T23:09:25.116,724025219,26.36,0.6225,8.3462,-5.0757,-0.03406,0.00319,0.00798,0
2026-10-06T23:09:25.206,724053805,26.35,0.5962,8.3486,-5.0518,-0.03352,0.00266,0.00851,0
2026-10-06T23:09:25.233,724143200,26.35,0.6009,8.3653,-5.0566,-0.03459,0.00372,0.00798,0
2026-10-06T23:09:25.627,724537097,26.36,0.5962,8.3773,-5.047,-0.03406,0.00372,0.00745,0
2026-10-06T23:09:26.153,725057093,26.34,0.5986,8.3677,-5.0685,-0.03406,0.00372,0.00745,0
2026-10-06T23:09:26.656,725565152,26.36,0.5962,8.3558,-5.1116,-0.03299,0.00479,0.00692,0
2026-10-06T23:09:27.070,725979093,26.37,0.6057,8.3653,-5.0877,-0.03459,0.00319,0.00745,0
2026-10-06T23:09:27.652,726512097,26.37,0.5938,8.339,-5.047,-0.03352,0.00266,0.00745,0
2026-10-06T23:09:28.099,727008089,26.38,0.5938,8.3534,-5.0829,-0.03406,0.00266,0.00745,0
2026-10-06T23:09:28.610,727519093,26.37,0.6153,8.339,-5.0566,-0.03352,0.00266,0.00745,0
2026-10-06T23:09:29.119,728028089,26.37,0.5626,8.3558,-5.0949,-0.03352,0.00319,0.00798,0
2026-10-06T23:09:29.629,728538137,26.37,0.6129,8.351,-5.0278,-0.03406,0.00319,0.00692,0
2026-10-06T23:09:30.136,729045093,26.38,0.6033,8.3629,-5.0637,-0.03352,0.00426,0.00745,0
2026-10-06T23:09:30.562,729471089,26.39,0.6057,8.3438,-5.0518,-0.03406,0.00372,0.00745,0
2026-10-06T23:09:31.067,729974089,26.38,0.5866,8.3677,-5.0637,-0.03406,0.00372,0.00851,0
2026-10-06T23:09:31.580,730487093,26.38,0.5986,8.3749,-5.0637,-0.03406,0.00372,0.00745,0
2026-10-06T23:09:32.078,730987246,26.39,0.6033,8.3582,-5.0949,-0.03459,0.00372,0.00798,0
2026-10-06T23:09:32.601,731510093,26.39,0.5722,8.3845,-5.0446,-0.03406,0.00372,0.00798,0
2026-10-06T23:09:35.867,734777093,26.4,0.5818,8.3701,-5.0542,-0.03406,0.00372,0.00851,0
2026-10-06T23:09:35.964,734874205,26.4,0.5914,8.3414,-5.0637,-0.03459,0.00319,0.00692,0
2026-10-06T23:09:36.052,734913220,26.4,0.589,8.3677,-5.0661,-0.03406,0.00319,0.00745,0
2026-10-06T23:09:36.089,734999124,26.42,0.5746,8.3749,-5.0901,-0.03406,0.00372,0.00798,0
2026-10-06T23:09:36.181,735091089,26.41,0.5914,8.339,-5.0637,-0.03406,0.00372,0.00745,0
2026-10-06T23:09:36.285,735191097,26.41,0.6201,8.3222,-5.047,-0.03406,0.00319,0.00745,0
2026-10-06T23:09:36.378,735288093,26.39,0.5938,8.3653,-5.0566,-0.03406,0.00426,0.00692,0
2026-10-06T23:09:36.588,735495089,26.41,0.6057,8.3462,-5.0613,-0.03352,0.00266,0.00692,0
2026-10-06T23:09:37.108,736016143,26.4,0.6033,8.3773,-5.0661,-0.03459,0.00372,0.00692,0
2026-10-06T23:09:37.608,736517089,26.42,0.6105,8.3629,-5.0613,-0.03352,0.00372,0.00745,0
2026-10-06T23:09:38.130,737039089,26.42,0.6009,8.3558,-5.0518,-0.03406,0.00266,0.00745,0
2026-10-06T23:09:38.628,737538116,26.41,0.6057,8.3677,-5.0733,-0.03352,0.00319,0.00851,0
2026-10-06T23:09:39.149,738059089,26.4,0.6057,8.3318,-5.0566,-0.03406,0.00372,0.00745,0
2026-10-06T23:09:39.658,738568093,26.42,0.5866,8.3534,-5.0566,-0.03406,0.00372,0.00745,0
2026-10-06T23:09:40.167,739077209,26.41,0.6009,8.3582,-5.0829,-0.03406,0.00426,0.00745,0
2026-10-06T23:09:40.581,739490093,26.43,0.6105,8.3534,-5.0374,-0.03406,0.00372,0.00639,0
2026-10-06T23:09:41.090,739999089,26.42,0.589,8.339,-5.0781,-0.03459,0.00426,0.00745,0
2026-10-06T23:09:41.611,740520089,26.42,0.5914,8.3749,-5.0446,-0.03352,0.00372,0.00745,0
2026-10-06T23:09:42.115,741020089,26.43,0.6057,8.3606,-5.0518,-0.03406,0.00319,0.00798,0
2026-10-06T23:09:42.631,741540089,26.44,0.6009,8.3677,-5.0254,-0.03299,0.00266,0.00798,0
2026-10-06T23:09:43.141,742050093,26.44,0.5962,8.339,-5.0566,-0.03299,0.00372,0.00745,0
2026-10-06T23:09:43.652,742561089,26.42,0.5938,8.3629,-5.0733,-0.03406,0.00319,0.00851,0
2026-10-06T23:09:46.832,745741093,26.46,0.5986,8.3749,-5.047,-0.03406,0.00213,0.00692,0
2026-10-06T23:09:46.992,745842089,26.44,0.6129,8.3582,-5.0374,-0.03459,0.00319,0.00745,0
2026-10-06T23:09:47.034,745944093,26.44,0.5842,8.3175,-5.0254,-0.03299,0.00372,0.00798,0
2026-10-06T23:09:47.130,746034093,26.45,0.6081,8.327,-5.0422,-0.03299,0.00319,0.00798,0
2026-10-06T23:09:47.236,746146101,26.44,0.6033,8.3701,-5.0446,-0.03406,0.00319,0.00851,0
2026-10-06T23:09:47.329,746235197,26.44,0.5938,8.3606,-5.0374,-0.03352,0.00319,0.00798,0
2026-10-06T23:09:47.435,746345108,26.43,0.589,8.3438,-5.0182,-0.03459,0.00372,0.00745,0
2026-10-06T23:09:47.626,746536093,26.44,0.5818,8.3749,-5.0637,-0.03352,0.00372,0.00745,0
2026-10-06T23:09:48.161,747070093,26.42,0.589,8.3773,-5.023,-0.03406,0.00319,0.00745,0
2026-10-06T23:09:48.637,747484089,26.44,0.6009,8.3653,-5.0159,-0.03459,0.00266,0.00692,0
2026-10-06T23:09:49.082,747992093,26.45,0.6225,8.3558,-5.0949,-0.03406,0.00372,0.00798,0
2026-10-06T23:09:49.580,748490093,26.45,0.5986,8.3653,-5.0566,-0.03406,0.00266,0.00798,0
2026-10-06T23:09:50.102,749011093,26.47,0.6129,8.3701,-5.0805,-0.03406,0.00372,0.00692,0
2026-10-06T23:09:50.613,749521089,26.44,0.5866,8.3701,-5.0278,-0.03459,0.00372,0.00692,0
2026-10-06T23:09:51.124,750033093,26.44,0.5818,8.3701,-5.0685,-0.03352,0.00319,0.00745,0
2026-10-06T23:09:51.707,750556093,26.46,0.5962,8.3629,-5.0661,-0.03352,0.00372,0.00692,0
2026-10-06T23:09:52.218,751067089,26.46,0.5962,8.3534,-5.0709,-0.03352,0.00372,0.00798,0
2026-10-06T23:09:52.733,751578093,26.47,0.6057,8.3653,-5.0613,-0.03299,0.00319,0.00745,0
2026-10-06T23:09:53.236,752088089,26.45,0.5962,8.3582,-5.0422,-0.03406,0.00319,0.00798,0
2026-10-06T23:09:53.580,752489496,26.47,0.5842,8.3629,-5.0661,-0.03459,0.00213,0.00745,0
2026-10-06T23:09:54.090,753000248,26.47,0.5938,8.3749,-5.0135,-0.03352,0.00479,0.00745,0
2026-10-06T23:09:54.602,753512089,26.48,0.5818,8.3701,-5.0613,-0.03352,0.00372,0.00745,0
2026-10-06T23:09:57.868,756778089,26.47,0.6009,8.339,-5.0278,-0.03459,0.00479,0.00745,0
2026-10-06T23:09:57.953,756818093,26.49,0.5962,8.3342,-5.0757,-0.03406,0.00319,0.00798,0
2026-10-06T23:09:58.070,756979276,26.47,0.5842,8.351,-5.035,-0.03352,0.00319,0.00851,0
2026-10-06T23:09:58.157,757008411,26.47,0.6033,8.3606,-5.0709,-0.03459,0.00426,0.00692,0
2026-10-06T23:09:58.278,757188093,26.47,0.6081,8.3653,-5.0374,-0.03459,0.00319,0.00745,0
2026-10-06T23:09:58.362,757214419,26.48,0.6321,8.3629,-5.0374,-0.03352,0.00319,0.00692,0
2026-10-06T23:09:58.392,757301127,26.48,0.5962,8.3773,-5.0302,-0.03299,0.00319,0.00745,0
2026-10-06T23:09:58.587,757497097,26.46,0.5962,8.3582,-5.0087,-0.03406,0.00319,0.00745,0
2026-10-06T23:09:59.097,758007093,26.47,0.5986,8.3797,-5.0637,-0.03406,0.00426,0.00798,0
2026-10-06T23:09:59.608,758518089,26.47,0.6057,8.3534,-5.0709,-0.03352,0.00319,0.00745,0
2026-10-06T23:10:00.120,759029093,26.48,0.6177,8.3845,-5.0901,-0.03459,0.00372,0.00692,0
2026-10-06T23:10:00.641,759551093,26.49,0.5818,8.3582,-5.0159,-0.03459,0.00319,0.00798,0
2026-10-06T23:10:01.116,759977093,26.49,0.6153,8.3462,-5.0566,-0.03352,0.00319,0.00745,0
2026-10-06T23:10:01.659,760569093,26.47,0.5746,8.3653,-5.047,-0.03406,0.00319,0.00798,0
2026-10-06T23:10:02.071,760981089,26.49,0.5938,8.3773,-5.0446,-0.03406,0.00372,0.00745,0
2026-10-06T23:10:02.583,761491232,26.49,0.6177,8.3845,-5.0518,-0.03406,0.00372,0.00745,0
2026-10-06T23:10:03.092,762002200,26.48,0.5938,8.3414,-5.0781,-0.03459,0.00319,0.00692,0
2026-10-06T23:10:03.603,762513093,26.47,0.6081,8.3749,-5.0374,-0.03406,0.00372,0.00745,0
2026-10-06T23:10:04.113,763017224,26.48,0.5914,8.3773,-5.0494,-0.03352,0.00266,0.00692,0
2026-10-06T23:10:04.628,763538115,26.49,0.5866,8.3797,-5.0326,-0.03406,0.00372,0.00745,0
2026-10-06T23:10:05.141,764049089,26.48,0.5938,8.3462,-5.0542,-0.03352,0.00372,0.00692,0
2026-10-06T23:10:05.652,764562093,26.48,0.5962,8.327,-5.0518,-0.03459,0.00479,0.00798,0
2026-10-06T23:10:08.826,767730093,26.5,0.5866,8.3414,-5.0302,-0.03406,0.00319,0.00692,0
2026-10-06T23:10:08.929,767840128,26.49,0.6201,8.3773,-5.0589,-0.03459,0.00372,0.00851,0
2026-10-06T23:10:09.031,767940330,26.51,0.6009,8.3701,-5.0422,-0.03299,0.00372,0.00692,0
2026-10-06T23:10:09.130,768040344,26.5,0.6153,8.3414,-5.0254,-0.03352,0.00372,0.00851,0
2026-10-06T23:10:09.234,768135093,26.52,0.5962,8.351,-5.0853,-0.03352,0.00372,0.00798,0
2026-10-06T23:10:09.309,768175093,26.48,0.5842,8.3486,-5.0637,-0.03406,0.00319,0.00798,0
2026-10-06T23:10:09.339,768249218,26.51,0.5962,8.327,-5.0757,-0.03406,0.00372,0.00745,0
2026-10-06T23:10:09.627,768537110,26.5,0.5938,8.3749,-5.0613,-0.03352,0.00319,0.00692,0
2026-10-06T23:10:10.148,769058089,26.52,0.6129,8.3414,-5.0422,-0.03459,0.00372,0.00745,0
2026-10-06T23:10:10.668,769578089,26.51,0.577,8.3558,-5.0685,-0.03299,0.00266,0.00745,0
2026-10-06T23:10:11.074,769980089,26.49,0.5962,8.3534,-5.0542,-0.03406,0.00372,0.00692,0
2026-10-06T23:10:11.596,770500089,26.5,0.6201,8.3701,-5.0374,-0.03406,0.00266,0.00745,0
2026-10-06T23:10:12.106,771016093,26.5,0.5818,8.3366,-5.0494,-0.03352,0.00319,0.00745,0
2026-10-06T23:10:12.618,771528089,26.52,0.6033,8.3701,-5.0566,-0.03352,0.00372,0.00692,0
2026-10-06T23:10:13.121,772028089,26.52,0.6057,8.3749,-5.0326,-0.03352,0.00319,0.00851,0
2026-10-06T23:10:13.639,772539093,26.5,0.6009,8.3701,-5.0374,-0.03406,0.00479,0.00692,0
2026-10-06T23:10:14.153,773059093,26.5,0.5818,8.3629,-5.0781,-0.03406,0.00319,0.00745,0
2026-10-06T23:10:14.630,773496093,26.5,0.6009,8.351,-4.9967,-0.03352,0.00372,0.00745,0
2026-10-06T23:10:15.067,773977093,26.51,0.6033,8.3534,-5.0398,-0.03406,0.00372,0.00692,0
2026-10-06T23:10:15.582,774488089,26.5,0.5986,8.3749,-5.0757,-0.03352,0.00319,0.00745,0
2026-10-06T23:10:16.092,774995180,26.51,0.5938,8.3821,-5.0542,-0.03406,0.00319,0.00798,0
2026-10-06T23:10:16.604,775515373,26.5,0.577,8.3845,-5.0709,-0.03352,0.00319,0.00745,0
2026-10-06T23:10:19.781,778683093,26.54,0.6009,8.3606,-5.0566,-0.03352,0.00213,0.00692,0
2026-10-06T23:10:19.882,778792093,26.53,0.5962,8.3366,-5.0613,-0.03352,0.00266,0.00798,0
2026-10-06T23:10:19.987,778893089,26.54,0.5794,8.3773,-5.0733,-0.03406,0.00426,0.00692,0
2026-10-06T23:10:20.070,778980089,26.52,0.6057,8.3773,-5.0829,-0.03406,0.00372,0.00745,0
2026-10-06T23:10:20.156,779008821,26.52,0.5866,8.3653,-5.0374,-0.03406,0.00319,0.00692,0
2026-10-06T23:10:20.254,779109266,26.53,0.589,8.3629,-5.0398,-0.03512,0.00266,0.00745,0
2026-10-06T23:10:20.286,779196089,26.52,0.5962,8.3653,-5.0757,-0.03406,0.00266,0.00745,0
2026-10-06T23:10:20.599,779503093,26.52,0.577,8.3486,-5.0446,-0.03406,0.00372,0.00745,0
2026-10-06T23:10:21.107,780011127,26.52,0.6033,8.3845,-5.0302,-0.03352,0.00266,0.00798,0
2026-10-06T23:10:21.617,780521089,26.52,0.577,8.3797,-5.0278,-0.03406,0.00372,0.00798,0
2026-10-06T23:10:22.120,781029255,26.52,0.5794,8.3606,-5.0494,-0.03352,0.00426,0.00798,0
2026-10-06T23:10:22.630,781540238,26.53,0.6129,8.3653,-5.047,-0.03406,0.00266,0.00798,0
2026-10-06T23:10:23.158,782063089,26.52,0.5938,8.3725,-5.0422,-0.03352,0.00372,0.00798,0
2026-10-06T23:10:23.670,782570093,26.52,0.5938,8.3558,-5.0422,-0.03299,0.00266,0.00745,0
2026-10-06T23:10:24.148,782994147,26.52,0.6129,8.3653,-5.0829,-0.03406,0.00479,0.00798,0
2026-10-06T23:10:24.580,783490093,26.54,0.5986,8.3629,-5.0685,-0.03406,0.00319,0.00745,0
2026-10-06T23:10:25.090,783999191,26.52,0.6033,8.3558,-5.0661,-0.03352,0.00372,0.00692,0
2026-10-06T23:10:25.613,784523089,26.54,0.589,8.3629,-5.0901,-0.03406,0.00372,0.00745,0
2026-10-06T23:10:26.128,785033093,26.55,0.6033,8.3534,-5.0278,-0.03406,0.00319,0.00745,0
2026-10-06T23:10:26.705,785541089,26.52,0.6057,8.3677,-5.0422,-0.03406,0.00372,0.00692,0
2026-10-06T23:10:27.135,786043176,26.54,0.5866,8.3653,-5.0446,-0.03406,0.00266,0.00851,0
2026-10-06T23:10:27.653,786557093,26.55,0.5555,8.3773,-5.0398,-0.03459,0.00319,0.00798,0
2026-10-06T23:10:30.827,789737089,26.54,0.6057,8.3701,-5.0087,-0.03406,0.00266,0.00798,0
2026-10-06T23:10:30.926,789835093,26.54,0.6129,8.3438,-5.0494,-0.03459,0.00319,0.00745,0
2026-10-06T23:10:31.027,789936089,26.54,0.6105,8.3438,-5.0542,-0.03352,0.00372,0.00745,0
2026-10-06T23:10:31.106,789977094,26.57,0.6033,8.3558,-5.0925,-0.03352,0.00319,0.00745,0
2026-10-06T23:10:31.209,790073179,26.54,0.5962,8.3653,-5.0398,-0.03352,0.00319,0.00745,0
2026-10-06T23:10:31.304,790158133,26.56,0.6033,8.3486,-5.0422,-0.03352,0.00372,0.00745,0
2026-10-06T23:10:31.337,790245252,26.55,0.6249,8.3893,-5.047,-0.03512,0.00319,0.00798,0
2026-10-06T23:10:31.626,790536162,26.54,0.5986,8.3606,-5.0182,-0.03406,0.00319,0.00745,0
2026-10-06T23:10:32.152,791058237,26.53,0.589,8.3701,-5.0206,-0.03459,0.00426,0.00798,0
2026-10-06T23:10:32.743,791579089,26.53,0.6057,8.3821,-5.0398,-0.03459,0.00319,0.00851,0
2026-10-06T23:10:33.071,791979210,26.54,0.6057,8.3606,-5.0494,-0.03406,0.00266,0.00745,0
2026-10-06T23:10:33.581,792491230,26.55,0.5842,8.3606,-5.0589,-0.03352,0.00319,0.00798,0
2026-10-06T23:10:34.092,793002185,26.56,0.6009,8.3725,-5.0326,-0.03459,0.00372,0.00692,0
2026-10-06T23:10:34.614,793524089,26.54,0.6369,8.3438,-5.0494,-0.03299,0.00372,0.00745,0
2026-10-06T23:10:35.199,794046089,26.56,0.5914,8.3701,-5.0566,-0.03406,0.00426,0.00745,0
2026-10-06T23:10:35.633,794544089,26.57,0.589,8.3582,-5.047,-0.03406,0.00213,0.00639,0
2026-10-06T23:10:36.147,795054093,26.57,0.5914,8.3558,-5.0278,-0.03512,0.00319,0.00692,0
2026-10-06T23:10:36.625,795484210,26.57,0.6369,8.3582,-5.023,-0.03406,0.00266,0.00798,0
2026-10-06T23:10:37.059,795969181,26.56,0.5794,8.3629,-5.0135,-0.03352,0.00426,0.00745,0
2026-10-06T23:10:37.580,796491089,26.57,0.6009,8.3677,-5.0422,-0.03352,0.00319,0.00639,0
2026-10-06T23:10:38.090,797001093,26.55,0.5818,8.3797,-5.0063,-0.03459,0.00266,0.00692,0
2026-10-06T23:10:38.601,797511162,26.56,0.6129,8.3582,-5.0542,-0.03352,0.00266,0.00692,0
2026-10-06T23:10:41.877,800788093,26.57,0.5962,8.3629,-5.0733,-0.03406,0.00319,0.00692,0
2026-10-06T23:10:41.973,800884098,26.57,0.6009,8.3749,-5.0637,-0.03406,0.00372,0.00745,0
2026-10-06T23:10:42.079,800990093,26.56,0.6081,8.3606,-5.0542,-0.03352,0.00372,0.00798,0
2026-10-06T23:10:42.175,801086097,26.56,0.577,8.3582,-5.0374,-0.03352,0.00372,0.00692,0
2026-10-06T23:10:42.261,801112444,26.55,0.5866,8.3677,-5.035,-0.03406,0.00319,0.00745,0
2026-10-06T23:10:42.388,801299089,26.58,0.5866,8.3606,-5.023,-0.03406,0.00319,0.00692,0
2026-10-06T23:10:42.501,801412255,26.58,0.5938,8.3653,-5.035,-0.03352,0.00372,0.00692,0
2026-10-06T23:10:42.588,801499141,26.59,0.5986,8.3582,-5.0661,-0.03406,0.00426,0.00745,0
2026-10-06T23:10:43.110,802021089,26.57,0.6033,8.3893,-5.035,-0.03352,0.00372,0.00798,0
2026-10-06T23:10:43.621,802530207,26.57,0.5986,8.3438,-5.0757,-0.03406,0.00319,0.00798,0
2026-10-06T23:10:44.132,803041089,26.57,0.5698,8.3534,-5.0637,-0.03352,0.00266,0.00798,0
2026-10-06T23:10:44.642,803553093,26.57,0.5938,8.3582,-5.047,-0.03352,0.00372,0.00798,0
2026-10-06T23:10:45.152,804062089,26.58,0.6057,8.351,-5.035,-0.03406,0.00319,0.00745,0
2026-10-06T23:10:45.672,804583143,26.57,0.6345,8.3486,-5.0422,-0.03406,0.00266,0.00745,0
2026-10-06T23:10:46.074,804985089,26.57,0.5914,8.3653,-5.0829,-0.03352,0.00426,0.00798,0
2026-10-06T23:10:46.584,805494228,26.59,0.6033,8.3701,-5.0589,-0.03406,0.00372,0.00692,0
2026-10-06T23:10:47.094,806004255,26.59,0.6033,8.3462,-5.0302,-0.03512,0.00372,0.00798,0
2026-10-06T23:10:47.607,806516265,26.58,0.6009,8.3629,-5.0398,-0.03406,0.00426,0.00692,0
2026-10-06T23:10:48.121,807027089,26.57,0.6105,8.3653,-5.0542,-0.03406,0.00372,0.00798,0
2026-10-06T23:10:48.625,807536093,26.56,0.6153,8.351,-5.0733,-0.03406,0.00319,0.00798,0
2026-10-06T23:10:49.146,808057093,26.58,0.6105,8.351,-5.0159,-0.03406,0.00372,0.00692,0
2026-10-06T23:10:49.655,808566089,26.58,0.5938,8.3701,-5.0326,-0.03459,0.00372,0.00851,0
2026-10-06T23:10:52.826,811736096,26.61,0.6201,8.3606,-5.0709,-0.03406,0.00319,0.00798,0
2026-10-06T23:10:52.907,811764795,26.58,0.6057,8.3893,-5.035,-0.03299,0.00319,0.00745,0
2026-10-06T23:10:53.029,811941270,26.58,0.6009,8.3677,-5.0446,-0.03406,0.00319,0.00745,0
2026-10-06T23:10:53.108,811967821,26.59,0.5986,8.351,-5.0182,-0.03352,0.00426,0.00745,0
2026-10-06T23:10:53.211,812064129,26.6,0.6249,8.3558,-5.0613,-0.03299,0.00319,0.00745,0
2026-10-06T23:10:53.313,812163223,26.59,0.5914,8.3606,-5.0709,-0.03406,0.00266,0.00639,0
2026-10-06T23:10:53.416,812274219,26.59,0.6057,8.3606,-5.047,-0.03406,0.00372,0.00745,0
2026-10-06T23:10:53.619,812468106,26.6,0.5962,8.3558,-5.0685,-0.03352,0.00372,0.00692,0
2026-10-06T23:10:54.152,813063221,26.59,0.6249,8.3677,-5.0398,-0.03352,0.00372,0.00798,0
2026-10-06T23:10:54.673,813584093,26.6,0.5842,8.3438,-5.0087,-0.03352,0.00372,0.00798,0
2026-10-06T23:10:55.074,813985093,26.6,0.5794,8.3534,-5.0254,-0.03406,0.00372,0.00692,0
2026-10-06T23:10:55.666,814519143,26.59,0.5866,8.3629,-5.0637,-0.03352,0.00319,0.00745,0
2026-10-06T23:10:56.104,815015092,26.59,0.5866,8.3629,-5.0446,-0.03352,0.00372,0.00798,0
2026-10-06T23:10:56.614,815525093,26.6,0.6057,8.3773,-5.0374,-0.03459,0.00426,0.00745,0
2026-10-06T23:10:57.124,816035089,26.61,0.5938,8.3701,-5.0518,-0.03406,0.00319,0.00851,0
2026-10-06T23:10:57.633,816544093,26.6,0.6081,8.3653,-5.0494,-0.03459,0.00372,0.00798,0
2026-10-06T23:10:58.154,817065093,26.61,0.6081,8.3534,-5.0589,-0.03459,0.00372,0.00745,0
2026-10-06T23:10:58.665,817575117,26.62,0.6225,8.3677,-5.0374,-0.03459,0.00266,0.00745,0
2026-10-06T23:10:59.178,818087253,26.62,0.5842,8.3845,-5.0566,-0.03406,0.00319,0.00745,0
2026-10-06T23:10:59.579,818490093,26.63,0.5986,8.3821,-5.0805,-0.03406,0.00319,0.00745,0
2026-10-06T23:11:00.089,819000089,26.62,0.6201,8.3701,-5.0374,-0.03406,0.00319,0.00745,0
2026-10-06T23:11:00.599,819510209,26.59,0.6297,8.351,-5.0326,-0.03352,0.00372,0.00851,0
2026-10-06T23:11:03.779,822690089,26.61,0.5986,8.3749,-5.0661,-0.03352,0.00372,0.00692,0
2026-10-06T23:11:03.957,822790093,26.62,0.5914,8.3534,-5.0398,-0.03459,0.00479,0.00798,0
2026-10-06T23:11:03.991,822901093,26.61,0.6177,8.3582,-5.0781,-0.03406,0.00319,0.00745,0
2026-10-06T23:11:04.080,822991093,26.64,0.6009,8.3582,-5.0039,-0.03406,0.00266,0.00745,0
2026-10-06T23:11:04.154,823019852,26.64,0.5914,8.3653,-5.0542,-0.03406,0.00266,0.00692,0
2026-10-06T23:11:04.185,823094238,26.61,0.6321,8.3582,-5.0566,-0.03352,0.00426,0.00745,0
2026-10-06T23:11:04.271,823182268,26.63,0.6081,8.4108,-5.0135,-0.03299,0.00319,0.00745,0
2026-10-06T23:11:04.599,823510093,26.61,0.6009,8.3486,-5.0446,-0.03459,0.00319,0.00745,0
2026-10-06T23:11:05.108,824019089,26.62,0.5794,8.3845,-5.0135,-0.03352,0.00372,0.00798,0
2026-10-06T23:11:05.619,824529093,26.62,0.5794,8.3677,-5.0542,-0.03246,0.00266,0.00639,0
2026-10-06T23:11:06.106,824968107,26.61,0.6201,8.3701,-5.0159,-0.03459,0.00266,0.00745,0
2026-10-06T23:11:06.648,825559089,26.63,0.6081,8.3414,-5.0254,-0.03352,0.00426,0.00745,0
2026-10-06T23:11:07.156,826067093,26.64,0.5938,8.3582,-5.0398,-0.03406,0.00372,0.00745,0
2026-10-06T23:11:07.666,826577089,26.64,0.5914,8.3797,-5.0757,-0.03406,0.00372,0.00745,0
2026-10-06T23:11:08.068,826979234,26.64,0.5962,8.3558,-5.0302,-0.03406,0.00319,0.00745,0
2026-10-06T23:11:08.590,827501089,26.64,0.6057,8.3606,-5.0494,-0.03352,0.00426,0.00745,0
2026-10-06T23:11:09.099,828010093,26.63,0.5914,8.3653,-5.0374,-0.03406,0.00319,0.00692,0
2026-10-06T23:11:09.609,828520089,26.64,0.5794,8.3941,-5.047,-0.03406,0.00319,0.00745,0
2026-10-06T23:11:10.120,829030093,26.62,0.6129,8.3677,-5.0446,-0.03459,0.00319,0.00745,0
2026-10-06T23:11:10.625,829536088,26.64,0.5794,8.3677,-5.0518,-0.03406,0.00426,0.00692,0
2026-10-06T23:11:11.123,829973093,26.64,0.5938,8.3725,-5.0542,-0.03406,0.00426,0.00745,0
2026-10-06T23:11:11.631,830495218,26.64,0.6057,8.351,-5.0446,-0.03459,0.00372,0.00798,0
2026-10-06T23:11:14.826,833736220,26.63,0.5842,8.3629,-5.0518,-0.03406,0.00319,0.00745,0
2026-10-06T23:11:14.925,833836089,26.64,0.5938,8.3606,-5.0781,-0.03406,0.00372,0.00798,0
2026-10-06T23:11:15.026,833933196,26.64,0.5746,8.3534,-5.047,-0.03459,0.00372,0.00798,0
2026-10-06T23:11:15.103,833963716,26.65,0.6177,8.3677,-5.0446,-0.03406,0.00372,0.00798,0
2026-10-06T23:11:15.139,834051089,26.64,0.6033,8.3534,-5.0326,-0.03352,0.00426,0.00798,0
2026-10-06T23:11:15.239,834151133,26.66,0.6153,8.3749,-5.0063,-0.03459,0.00266,0.00745,0
2026-10-06T23:11:15.316,834178770,26.66,0.6009,8.3749,-5.0661,-0.03459,0.00319,0.00745,0
2026-10-06T23:11:15.622,834483097,26.64,0.6057,8.3701,-5.0781,-0.03352,0.00372,0.00745,0
2026-10-06T23:11:16.162,835073089,26.64,0.6057,8.3462,-5.0805,-0.03352,0.00479,0.00745,0
2026-10-06T23:11:16.741,835595143,26.65,0.5962,8.3582,-5.0446,-0.03459,0.00372,0.00745,0
2026-10-06T23:11:17.085,835996089,26.66,0.5818,8.3677,-5.0781,-0.03459,0.00372,0.00745,0
2026-10-06T23:11:17.596,836507093,26.65,0.5794,8.3821,-5.047,-0.03406,0.00426,0.00798,0
2026-10-06T23:11:18.106,837017089,26.65,0.6057,8.3629,-5.0278,-0.03352,0.00426,0.00798,0
2026-10-06T23:11:18.616,837526093,26.66,0.5986,8.3653,-4.9919,-0.03352,0.00319,0.00692,0
2026-10-06T23:11:19.126,838037089,26.65,0.6057,8.3845,-5.0781,-0.03352,0.00319,0.00692,0
2026-10-06T23:11:19.637,838546093,26.66,0.5962,8.3869,-5.0206,-0.03352,0.00426,0.00745,0
2026-10-06T23:11:20.158,839069093,26.65,0.6177,8.3486,-5.0182,-0.03406,0.00319,0.00745,0
2026-10-06T23:11:20.629,839497101,26.65,0.6009,8.3821,-5.0589,-0.03352,0.00266,0.00692,0
2026-10-06T23:11:21.068,839979089,26.66,0.6033,8.3438,-5.0398,-0.03406,0.00319,0.00692,0
2026-10-06T23:11:21.579,840490093,26.66,0.6057,8.3869,-5.0111,-0.03459,0.00372,0.00851,0
2026-10-06T23:11:22.100,841011093,26.65,0.5986,8.3917,-5.0374,-0.03299,0.00319,0.00798,0
2026-10-06T23:11:22.609,841520260,26.67,0.5842,8.3558,-5.0566,-0.03406,0.00426,0.00745,0
2026-10-06T23:11:25.780,844691089,26.67,0.5962,8.3677,-5.0422,-0.03352,0.00372,0.00851,0
2026-10-06T23:11:25.883,844791093,26.7,0.6033,8.3558,-5.0446,-0.03406,0.00372,0.00692,0
2026-10-06T23:11:25.979,844889089,26.69,0.5962,8.3749,-5.0518,-0.03352,0.00372,0.00745,0
2026-10-06T23:11:26.060,844917482,26.67,0.6129,8.3582,-5.0278,-0.03406,0.00372,0.00798,0
2026-10-06T23:11:26.092,845003093,26.68,0.589,8.3653,-5.0302,-0.03352,0.00426,0.00798,0
2026-10-06T23:11:26.180,845091093,26.68,0.6009,8.3701,-5.0542,-0.03299,0.00426,0.00745,0
2026-10-06T23:11:26.287,845197108,26.68,0.5986,8.3582,-5.0326,-0.03459,0.00372,0.00692,0
2026-10-06T23:11:26.593,845504093,26.68,0.5962,8.3558,-5.0589,-0.03406,0.00372,0.00745,0
2026-10-06T23:11:27.116,846027093,26.67,0.5962,8.3629,-5.0182,-0.03406,0.00266,0.00745,0
2026-10-06T23:11:27.616,846527204,26.69,0.6105,8.3725,-5.0446,-0.03352,0.00372,0.00798,0
2026-10-06T23:11:28.138,847049093,26.66,0.5746,8.3749,-5.0182,-0.03352,0.00319,0.00692,0
2026-10-06T23:11:28.648,847559089,26.68,0.5698,8.3797,-5.0518,-0.03406,0.00372,0.00745,0
2026-10-06T23:11:29.158,848069093,26.69,0.5914,8.3677,-5.035,-0.03352,0.00426,0.00798,0
2026-10-06T23:11:29.668,848580089,26.69,0.6249,8.3725,-5.0566,-0.03352,0.00319,0.00798,0
2026-10-06T23:11:30.152,849004099,26.7,0.6153,8.3582,-5.0326,-0.03352,0.00372,0.00745,0
2026-10-06T23:11:30.590,849502089,26.69,0.6057,8.3462,-5.0206,-0.03459,0.00426,0.00692,0
2026-10-06T23:11:31.176,850035261,26.68,0.5674,8.3701,-5.0494,-0.03406,0.00213,0.00798,0
2026-10-06T23:11:31.607,850517189,26.69,0.6201,8.3797,-5.0518,-0.03406,0.00319,0.00798,0
2026-10-06T23:11:32.118,851029093,26.69,0.5794,8.3797,-5.0182,-0.03406,0.00372,0.00745,0
2026-10-06T23:11:32.629,851539201,26.68,0.589,8.3629,-5.0542,-0.03406,0.00319,0.00692,0
2026-10-06T23:11:33.149,852061089,26.71,0.5986,8.3582,-5.0542,-0.03406,0.00372,0.00692,0
2026-10-06T23:11:33.660,852571119,26.69,0.6249,8.3893,-5.035,-0.03406,0.00372,0.00798,0
2026-10-06T23:11:36.829,855740093,26.69,0.5842,8.3797,-5.0446,-0.03352,0.00266,0.00798,0
2026-10-06T23:11:36.930,855841089,26.7,0.5938,8.3462,-5.0566,-0.03406,0.00372,0.00745,0
2026-10-06T23:11:37.009,855869851,26.72,0.6129,8.3797,-5.0613,-0.03406,0.00372,0.00798,0
2026-10-06T23:11:37.105,855967124,26.71,0.5986,8.3653,-5.035,-0.03406,0.00319,0.00745,0
2026-10-06T23:11:37.143,856054089,26.71,0.6105,8.3749,-5.0302,-0.03459,0.00372,0.00745,0
2026-10-06T23:11:37.234,856143227,26.7,0.589,8.3677,-5.0685,-0.03459,0.00266,0.00905,0
2026-10-06T23:11:37.316,856183093,26.7,0.5914,8.3534,-5.0637,-0.03406,0.00426,0.00692,0
2026-10-06T23:11:37.622,856471111,26.7,0.5794,8.3749,-5.0374,-0.03459,0.00372,0.00745,0
2026-10-06T23:11:38.156,857064116,26.7,0.5914,8.3677,-5.0422,-0.03246,0.00372,0.00798,0
2026-10-06T23:11:38.577,857488175,26.7,0.6009,8.3773,-5.0206,-0.03406,0.00372,0.00692,0
2026-10-06T23:11:39.086,857998089,26.72,0.5842,8.3677,-5.047,-0.03352,0.00319,0.00745,0
2026-10-06T23:11:39.596,858508093,26.7,0.6177,8.3486,-5.0326,-0.03459,0.00372,0.00798,0
2026-10-06T23:11:40.106,859018089,26.71,0.6153,8.3773,-5.0326,-0.03459,0.00372,0.00798,0
2026-10-06T23:11:40.617,859528093,26.73,0.6009,8.3486,-5.0613,-0.03406,0.00266,0.00798,0
2026-10-06T23:11:41.129,860037220,26.71,0.5818,8.3534,-5.0446,-0.03406,0.00479,0.00745,0
2026-10-06T23:11:41.634,860544196,26.7,0.6033,8.3653,-5.0182,-0.03352,0.00426,0.00745,0
2026-10-06T23:11:42.162,861068093,26.71,0.6129,8.3486,-5.0542,-0.03406,0.00319,0.00745,0
2026-10-06T23:11:42.640,861494097,26.71,0.5818,8.3773,-5.0446,-0.03406,0.00319,0.00692,0
2026-10-06T23:11:43.149,862001089,26.72,0.6057,8.3677,-5.0254,-0.03352,0.00319,0.00692,0
2026-10-06T23:11:43.589,862500089,26.73,0.589,8.3869,-5.0446,-0.03352,0.00319,0.00798,0
2026-10-06T23:11:44.102,863009093,26.71,0.589,8.3725,-5.0206,-0.03512,0.00426,0.00745,0
2026-10-06T23:11:44.605,863517089,26.72,0.6009,8.3869,-5.0422,-0.03406,0.00319,0.00745,0
2026-10-06T23:11:47.885,866794093,26.72,0.6225,8.3534,-5.0542,-0.03406,0.00319,0.00851,0
2026-10-06T23:11:47.981,866892089,26.75,0.6057,8.3629,-5.0111,-0.03352,0.00372,0.00798,0
2026-10-06T23:11:48.064,866932093,26.74,0.589,8.3653,-5.0182,-0.03352,0.00426,0.00745,0
2026-10-06T23:11:48.165,867028281,26.75,0.5986,8.3534,-5.0398,-0.03406,0.00319,0.00745,0
2026-10-06T23:11:48.266,867123093,26.72,0.5938,8.3941,-5.0206,-0.03406,0.00479,0.00745,0
2026-10-06T23:11:48.364,867224147,26.74,0.6033,8.3653,-5.0063,-0.03352,0.00372,0.00745,0
2026-10-06T23:11:48.471,867322129,26.75,0.5986,8.3821,-5.0422,-0.03406,0.00319,0.00745,0
2026-10-06T23:11:48.606,867518093,26.74,0.5842,8.3797,-5.0111,-0.03299,0.00372,0.00692,0
2026-10-06T23:11:49.186,868040093,26.74,0.5818,8.3582,-5.0494,-0.03352,0.00426,0.00692,0
2026-10-06T23:11:49.625,868537097,26.73,0.5914,8.3606,-5.0278,-0.03406,0.00319,0.00745,0
2026-10-06T23:11:50.144,869057147,26.74,0.6081,8.3558,-5.0206,-0.03459,0.00372,0.00798,0
2026-10-06T23:11:50.643,869555093,26.73,0.5842,8.3725,-4.9799,-0.03352,0.00266,0.00745,0
2026-10-06T23:11:51.156,870065089,26.73,0.5938,8.3845,-5.0637,-0.03352,0.00372,0.00745,0
2026-10-06T23:11:51.662,870574180,26.74,0.5722,8.3294,-5.0518,-0.03406,0.00319,0.00692,0
2026-10-06T23:11:52.079,870988089,26.73,0.589,8.3677,-5.0422,-0.03352,0.00319,0.00692,0
2026-10-06T23:11:52.588,871497093,26.72,0.5866,8.3677,-5.0589,-0.03352,0.00319,0.00745,0
2026-10-06T23:11:53.107,872017093,26.74,0.5962,8.3725,-5.0254,-0.03459,0.00372,0.00692,0
2026-10-06T23:11:53.614,872526089,26.74,0.6273,8.339,-5.0494,-0.03352,0.00266,0.00639,0
2026-10-06T23:11:54.124,873036093,26.72,0.6321,8.3701,-5.0589,-0.03352,0.00372,0.00745,0
2026-10-06T23:11:54.637,873546089,26.74,0.5866,8.3629,-5.0446,-0.03352,0.00372,0.00692,0
2026-10-06T23:11:55.155,874066089,26.73,0.589,8.3534,-4.9967,-0.03352,0.00372,0.00745,0
2026-10-06T23:11:55.663,874575099,26.74,0.6057,8.3366,-5.0254,-0.03406,0.00319,0.00851,0
2026-10-06T23:11:58.834,877743093,26.74,0.6009,8.3582,-5.0159,-0.03406,0.00372,0.00745,0
2026-10-06T23:11:58.930,877841203,26.76,0.5866,8.3749,-5.023,-0.03406,0.00372,0.00745,0
2026-10-06T23:11:59.029,877940219,26.74,0.6201,8.3749,-5.0637,-0.03406,0.00372,0.00745,0
2026-10-06T23:11:59.134,878047097,26.76,0.5842,8.351,-5.0398,-0.03406,0.00372,0.00692,0
2026-10-06T23:11:59.216,878073415,26.74,0.6033,8.4013,-5.0661,-0.03459,0.00319,0.00851,0
2026-10-06T23:11:59.319,878171133,26.73,0.6033,8.3582,-5.0494,-0.03299,0.00319,0.00798,0
2026-10-06T23:11:59.421,878281101,26.74,0.6033,8.3845,-5.0685,-0.03352,0.00372,0.00798,0
2026-10-06T23:11:59.626,878486228,26.76,0.6177,8.3797,-5.0159,-0.03406,0.00319,0.00798,0
2026-10-06T23:12:00.163,879075093,26.77,0.6057,8.3438,-5.035,-0.03459,0.00372,0.00745,0
2026-10-06T23:12:00.578,879488089,26.75,0.589,8.3653,-5.035,-0.03352,0.00372,0.00745,0
2026-10-06T23:12:01.076,879988212,26.74,0.6249,8.3629,-5.0398,-0.03459,0.00319,0.00692,0
2026-10-06T23:12:01.599,880510089,26.75,0.6081,8.3797,-5.047,-0.03352,0.00319,0.00745,0
2026-10-06T23:12:02.111,881020093,26.74,0.5914,8.3606,-5.0206,-0.03406,0.00372,0.00745,0
2026-10-06T23:12:02.616,881528089,26.76,0.6081,8.3414,-5.0685,-0.03406,0.00426,0.00745,0
2026-10-06T23:12:03.104,881966093,26.75,0.5986,8.3653,-5.0422,-0.03352,0.00319,0.00745,0
2026-10-06T23:12:03.651,882557093,26.74,0.5794,8.3653,-5.0589,-0.03352,0.00426,0.00798,0
2026-10-06T23:12:04.131,882993203,26.74,0.5866,8.3725,-5.0566,-0.03406,0.00319,0.00798,0
2026-10-06T23:12:04.671,883582089,26.74,0.5914,8.3917,-5.0589,-0.03406,0.00266,0.00745,0
2026-10-06T23:12:05.074,883985089,26.74,0.5986,8.3869,-5.0039,-0.03406,0.00372,0.00798,0
2026-10-06T23:12:05.584,884496093,26.75,0.5818,8.3845,-5.0278,-0.03406,0.00372,0.00798,0
2026-10-06T23:12:06.094,885006089,26.76,0.6033,8.3989,-5.0494,-0.03406,0.00372,0.00745,0
2026-10-06T23:12:06.617,885528089,26.75,0.6249,8.3582,-5.0613,-0.03352,0.00426,0.00692,0
2026-10-06T23:12:09.891,888804147,26.76,0.577,8.3845,-5.0422,-0.03406,0.00372,0.00639,0
2026-10-06T23:12:09.990,888902092,26.76,0.6057,8.3725,-5.0206,-0.03352,0.00479,0.00692,0
2026-10-06T23:12:10.093,889002093,26.77,0.5722,8.3582,-5.0566,-0.03299,0.00266,0.00745,0
2026-10-06T23:12:10.191,889102089,26.77,0.6249,8.3941,-5.0278,-0.03352,0.00213,0.00798,0
2026-10-06T23:12:10.297,889209093,26.74,0.5866,8.3558,-5.0111,-0.03459,0.00266,0.00745,0
2026-10-06T23:12:10.399,889311093,26.75,0.5842,8.3462,-5.0709,-0.03299,0.00319,0.00745,0
2026-10-06T23:12:10.504,889411089,26.77,0.5986,8.3653,-5.0446,-0.03459,0.00319,0.00692,0
2026-10-06T23:12:10.610,889522089,26.76,0.6105,8.3725,-5.047,-0.03406,0.00372,0.00798,0
2026-10-06T23:12:11.123,890034093,26.78,0.5842,8.3749,-5.0326,-0.03352,0.00319,0.00745,0
2026-10-06T23:12:11.623,890532226,26.77,0.6081,8.3701,-5.023,-0.03459,0.00372,0.00745,0
2026-10-06T23:12:12.131,891043089,26.76,0.6225,8.3629,-5.0374,-0.03406,0.00372,0.00798,0
2026-10-06T23:12:12.642,891554180,26.75,0.6105,8.3534,-5.0637,-0.03406,0.00266,0.00798,0
2026-10-06T23:12:13.141,891979176,26.78,0.6057,8.3725,-5.0901,-0.03352,0.00319,0.00798,0
2026-10-06T23:12:13.682,892593093,26.77,0.6129,8.3869,-5.035,-0.03352,0.00319,0.00798,0
2026-10-06T23:12:14.084,892996093,26.76,0.6033,8.3534,-5.0518,-0.03352,0.00319,0.00798,0
2026-10-06T23:12:14.593,893505089,26.78,0.5866,8.3534,-5.0374,-0.03406,0.00479,0.00851,0
2026-10-06T23:12:15.103,894015246,26.79,0.5842,8.3414,-5.0446,-0.03459,0.00319,0.00692,0
2026-10-06T23:12:15.613,894525089,26.79,0.5866,8.3653,-5.0398,-0.03406,0.00319,0.00745,0
2026-10-06T23:12:16.123,895035093,26.79,0.5914,8.3989,-5.0733,-0.03406,0.00372,0.00798,0
2026-10-06T23:12:16.645,895557093,26.77,0.6057,8.3558,-5.0589,-0.03406,0.00372,0.00798,0
2026-10-06T23:12:17.155,896067089,26.78,0.6249,8.3917,-5.0111,-0.03459,0.00319,0.00745,0
2026-10-06T23:12:17.666,896576093,26.78,0.5866,8.3534,-5.0757,-0.03352,0.00372,0.00798,0
2026-10-06T23:12:20.835,899747180,26.79,0.5986,8.3582,-5.0494,-0.03459,0.00319,0.00798,0
2026-10-06T23:12:20.939,899846089,26.76,0.6201,8.3629,-5.0566,-0.03299,0.00319,0.00745,0
2026-10-06T23:12:21.049,899959129,26.79,0.6081,8.3917,-5.047,-0.03352,0.00372,0.00745,0
2026-10-06T23:12:21.148,900056093,26.77,0.589,8.3821,-5.047,-0.03459,0.00372,0.00798,0
2026-10-06T23:12:21.247,900156101,26.78,0.589,8.3797,-5.035,-0.03352,0.00266,0.00745,0
2026-10-06T23:12:21.431,900286261,26.77,0.5962,8.3821,-5.0039,-0.03299,0.00479,0.00745,0
2026-10-06T23:12:21.528,900394129,26.79,0.6129,8.3582,-5.035,-0.03352,0.00372,0.00798,0
2026-10-06T23:12:21.649,900561093,26.77,0.5842,8.3725,-5.0518,-0.03406,0.00319,0.00692,0
2026-10-06T23:12:22.065,900977092,26.78,0.5962,8.3606,-5.0182,-0.03352,0.00319,0.00798,0
2026-10-06T23:12:22.644,901499089,26.77,0.5794,8.3725,-5.0494,-0.03406,0.00266,0.00745,0
2026-10-06T23:12:23.095,902007093,26.76,0.5818,8.351,-5.035,-0.03406,0.00426,0.00692,0
2026-10-06T23:12:23.597,902507093,26.78,0.6057,8.3869,-5.0685,-0.03352,0.00372,0.00798,0
2026-10-06T23:12:24.120,903031094,26.78,0.6129,8.351,-5.0278,-0.03352,0.00319,0.00745,0
2026-10-06T23:12:24.689,903542089,26.77,0.6105,8.3629,-5.0853,-0.03352,0.00372,0.00798,0
2026-10-06T23:12:25.141,904053093,26.77,0.5962,8.351,-5.0326,-0.03352,0.00426,0.00851,0
2026-10-06T23:12:25.642,904554230,26.77,0.6057,8.3534,-5.0398,-0.03459,0.00372,0.00745,0
2026-10-06T23:12:26.163,905075093,26.78,0.6105,8.3318,-5.0925,-0.03406,0.00372,0.00745,0
2026-10-06T23:12:26.676,905586089,26.75,0.5866,8.3773,-5.0422,-0.03352,0.00426,0.00745,0
2026-10-06T23:12:27.086,905998093,26.77,0.6225,8.3653,-5.0709,-0.03406,0.00319,0.00745,0
2026-10-06T23:12:27.597,906509089,26.79,0.5938,8.3845,-5.0733,-0.03459,0.00372,0.00745,0
2026-10-06T23:12:28.109,907021207,26.77,0.5818,8.3893,-5.0302,-0.03299,0.00266,0.00745,0
2026-10-06T23:12:28.610,907521094,26.77,0.6129,8.3749,-5.047,-0.03352,0.00319,0.00798,0
2026-10-06T23:12:31.899,910811093,26.78,0.6201,8.3701,-5.0039,-0.03352,0.00426,0.00745,0
2026-10-06T23:12:31.982,910894156,26.8,0.5938,8.3701,-5.0613,-0.03406,0.00319,0.00692,0
2026-10-06T23:12:32.071,910934093,26.79,0.5986,8.3677,-5.0566,-0.03406,0.00372,0.00745,0
2026-10-06T23:12:32.197,911102093,26.78,0.6009,8.3534,-5.0326,-0.03406,0.00372,0.00745,0
2026-10-06T23:12:32.286,911199093,26.78,0.5986,8.3534,-5.0685,-0.03459,0.00266,0.00798,0
2026-10-06T23:12:32.394,911293278,26.79,0.5962,8.3582,-5.0494,-0.03406,0.00426,0.00692,0
2026-10-06T23:12:32.492,911403097,26.77,0.6153,8.339,-5.0159,-0.03406,0.00319,0.00798,0
2026-10-06T23:12:32.673,911529089,26.76,0.6009,8.3797,-5.0374,-0.03406,0.00319,0.00798,0
2026-10-06T23:12:33.126,912038120,26.79,0.6033,8.3606,-5.0446,-0.03459,0.00372,0.00798,0
2026-10-06T23:12:33.628,912541093,26.77,0.5962,8.3869,-5.0326,-0.03352,0.00372,0.00745,0
2026-10-06T23:12:34.149,913062147,26.79,0.5746,8.3821,-5.0278,-0.03352,0.00319,0.00692,0
2026-10-06T23:12:34.649,913560093,26.78,0.589,8.3653,-5.0374,-0.03406,0.00372,0.00692,0
2026-10-06T23:12:35.159,914072089,26.78,0.5722,8.3725,-5.0302,-0.03352,0.00372,0.00745,0
2026-10-06T23:12:35.573,914486093,26.79,0.5842,8.3653,-5.0566,-0.03406,0.00319,0.00851,0
2026-10-06T23:12:36.152,915008147,26.76,0.589,8.3917,-5.0422,-0.03352,0.00372,0.00745,0
2026-10-06T23:12:36.602,915515089,26.78,0.5962,8.3917,-5.023,-0.03406,0.00319,0.00745,0
2026-10-06T23:12:37.104,916015213,26.79,0.5914,8.3701,-5.0278,-0.03406,0.00372,0.00798,0
2026-10-06T23:12:37.617,916528119,26.79,0.5914,8.3749,-5.0422,-0.03406,0.00319,0.00745,0
2026-10-06T23:12:38.111,917023117,26.78,0.5986,8.3414,-5.0159,-0.03352,0.00319,0.00798,0
2026-10-06T23:12:38.634,917546093,26.78,0.5698,8.3534,-5.0685,-0.03406,0.00426,0.00851,0
2026-10-06T23:12:39.155,918068093,26.79,0.6081,8.3558,-5.047,-0.03352,0.00426,0.00745,0
2026-10-06T23:12:39.665,918578089,26.79,0.6105,8.3414,-5.0302,-0.03406,0.00319,0.00745,0
2026-10-06T23:12:42.835,921748089,26.79,0.5794,8.3773,-5.0661,-0.03459,0.00213,0.00798,0
2026-10-06T23:12:42.936,921848093,26.79,0.6057,8.3558,-5.0278,-0.03406,0.00372,0.00745,0
2026-10-06T23:12:43.111,921966150,26.78,0.5986,8.3773,-5.0063,-0.03406,0.00372,0.00798,0
2026-10-06T23:12:43.221,922091097,26.8,0.6201,8.3653,-5.0254,-0.03352,0.00319,0.00798,0
2026-10-06T23:12:43.322,922177133,26.8,0.6321,8.351,-5.0278,-0.03406,0.00479,0.00798,0
2026-10-06T23:12:43.350,922263093,26.78,0.5914,8.3701,-5.047,-0.03352,0.00266,0.00798,0
2026-10-06T23:12:43.451,922363137,26.79,0.6273,8.3653,-5.0566,-0.03352,0.00319,0.00692,0
2026-10-06T23:12:43.553,922463093,26.78,0.5842,8.3558,-5.0518,-0.03406,0.00319,0.00745,0
2026-10-06T23:12:44.169,923080093,26.8,0.5842,8.3606,-5.1068,-0.03459,0.00426,0.00745,0
2026-10-06T23:12:44.581,923494089,26.79,0.6081,8.3606,-5.047,-0.03406,0.00426,0.00798,0
2026-10-06T23:12:45.090,924003093,26.81,0.6177,8.3653,-5.0518,-0.03352,0.00319,0.00745,0
2026-10-06T23:12:45.599,924511091,26.82,0.5938,8.3558,-5.0063,-0.03352,0.00266,0.00798,0
2026-10-06T23:12:46.109,925020093,26.79,0.6081,8.3773,-5.047,-0.03406,0.00372,0.00798,0
2026-10-06T23:12:46.622,925531089,26.79,0.6201,8.3558,-5.0326,-0.03406,0.00266,0.00798,0
2026-10-06T23:12:47.136,926042093,26.8,0.5698,8.3534,-5.0518,-0.03406,0.00372,0.00798,0
2026-10-06T23:12:47.648,926552089,26.8,0.5986,8.3558,-5.0494,-0.03459,0.00319,0.00745,0
2026-10-06T23:12:48.158,927071089,26.79,0.6153,8.3606,-5.0111,-0.03459,0.00372,0.00692,0
2026-10-06T23:12:48.672,927580093,26.8,0.5986,8.3821,-5.0087,-0.03459,0.00319,0.00798,0
2026-10-06T23:12:49.189,928015213,26.81,0.6033,8.3869,-5.0733,-0.03406,0.00426,0.00798,0
2026-10-06T23:12:49.592,928498093,26.79,0.6033,8.3534,-5.0206,-0.03406,0.00266,0.00798,0
2026-10-06T23:12:50.172,929029143,26.8,0.5866,8.3582,-5.0398,-0.03352,0.00319,0.00798,0
2026-10-06T23:12:50.614,929526089,26.82,0.6225,8.3869,-5.0422,-0.03406,0.00372,0.00798,0
2026-10-06T23:12:53.791,932698089,26.8,0.6057,8.3917,-5.0278,-0.03406,0.00426,0.00798,0
2026-10-06T23:12:53.894,932796093,26.81,0.5938,8.3653,-5.035,-0.03352,0.00426,0.00745,0
2026-10-06T23:12:53.995,932906093,26.81,0.5914,8.3558,-5.0278,-0.03406,0.00266,0.00745,0
2026-10-06T23:12:54.081,932993153,26.8,0.6057,8.3725,-5.0709,-0.03352,0.00266,0.00798,0
2026-10-06T23:12:54.189,933103097,26.82,0.6201,8.3653,-5.0637,-0.03406,0.00372,0.00692,0
2026-10-06T23:12:54.287,933200093,26.8,0.6153,8.3725,-5.0494,-0.03352,0.00372,0.00851,0
2026-10-06T23:12:54.368,933240200,26.79,0.6105,8.3629,-5.0781,-0.03406,0.00319,0.00745,0
2026-10-06T23:12:54.681,933539089,26.81,0.6153,8.339,-5.0518,-0.03406,0.00266,0.00745,0
2026-10-06T23:12:55.122,934025093,26.81,0.6177,8.3534,-5.0087,-0.03352,0.00319,0.00798,0
2026-10-06T23:12:55.634,934546093,26.81,0.6129,8.3773,-5.0757,-0.03406,0.00319,0.00798,0
2026-10-06T23:12:56.147,935057089,26.81,0.5938,8.3534,-5.0254,-0.03352,0.00319,0.00851,0
2026-10-06T23:12:56.659,935565093,26.82,0.6009,8.3462,-5.0518,-0.03406,0.00266,0.00745,0
2026-10-06T23:12:57.171,936073089,26.81,0.6225,8.3749,-5.0733,-0.03459,0.00319,0.00745,0
2026-10-06T23:12:57.580,936485093,26.81,0.6416,8.3677,-5.0374,-0.03406,0.00372,0.00745,0
2026-10-06T23:12:58.091,936993145,26.8,0.5962,8.3893,-5.0446,-0.03406,0.00372,0.00745,0
2026-10-06T23:12:58.589,937502178,26.81,0.5962,8.3701,-5.0518,-0.03352,0.00319,0.00692,0
2026-10-06T23:12:59.115,938024093,26.81,0.5866,8.3821,-5.0542,-0.03352,0.00372,0.00798,0
2026-10-06T23:12:59.627,938531089,26.82,0.5938,8.3606,-5.0733,-0.03352,0.00319,0.00798,0
2026-10-06T23:13:00.099,938979089,26.83,0.6009,8.3534,-5.0661,-0.03352,0.00372,0.00745,0
2026-10-06T23:13:00.649,939557093,26.82,0.5842,8.3725,-5.0518,-0.03406,0.00319,0.00745,0
2026-10-06T23:13:01.152,940065089,26.81,0.5914,8.3677,-5.035,-0.03352,0.00319,0.00692,0
2026-10-06T23:13:01.660,940573093,26.8,0.6105,8.3773,-5.0159,-0.03406,0.00266,0.00798,0
2026-10-06T23:13:04.847,943752089,26.83,0.5722,8.3725,-5.0637,-0.03406,0.00266,0.00692,0
2026-10-06T23:13:04.952,943855093,26.84,0.6177,8.3773,-5.0278,-0.03406,0.00319,0.00745,0
2026-10-06T23:13:05.041,943953157,26.83,0.5914,8.3725,-5.0589,-0.03459,0.00319,0.00745,0
2026-10-06T23:13:05.134,944048097,26.85,0.5842,8.3749,-5.0039,-0.03352,0.00426,0.00798,0
2026-10-06T23:13:05.239,944153097,26.83,0.6225,8.3845,-5.0542,-0.03406,0.00319,0.00798,0
2026-10-06T23:13:05.334,944247093,26.81,0.5722,8.3606,-5.0709,-0.03406,0.00266,0.00798,0
2026-10-06T23:13:05.427,944286342,26.83,0.6033,8.3701,-5.0494,-0.03406,0.00319,0.00745,0
2026-10-06T23:13:05.631,944481147,26.82,0.6177,8.3677,-5.035,-0.03406,0.00319,0.00851,0
2026-10-06T23:13:06.244,945084089,26.84,0.5722,8.3629,-5.0853,-0.03352,0.00319,0.00745,0
2026-10-06T23:13:06.653,945507093,26.82,0.5962,8.3629,-5.0446,-0.03406,0.00426,0.00692,0
2026-10-06T23:13:07.092,946005089,26.83,0.5962,8.3558,-5.0494,-0.03406,0.00266,0.00798,0
2026-10-06T23:13:07.604,946513093,26.84,0.5794,8.3582,-5.0087,-0.03406,0.00319,0.00692,0
2026-10-06T23:13:08.110,947021089,26.84,0.6177,8.3749,-5.0566,-0.03406,0.00372,0.00745,0
2026-10-06T23:13:08.623,947533093,26.81,0.6057,8.3749,-5.035,-0.03406,0.00319,0.00798,0
2026-10-06T23:13:09.140,948053093,26.84,0.5914,8.3989,-5.0111,-0.03406,0.00319,0.00798,0
2026-10-06T23:13:09.649,948562089,26.82,0.5698,8.3653,-5.0566,-0.03406,0.00319,0.00798,0
2026-10-06T23:13:10.159,949072093,26.82,0.6057,8.3749,-5.0182,-0.03406,0.00213,0.00851,0
2026-10-06T23:13:10.573,949486089,26.82,0.6321,8.3629,-5.0422,-0.03406,0.00426,0.00798,0
2026-10-06T23:13:11.150,950006093,26.84,0.5818,8.3462,-5.0422,-0.03246,0.00372,0.00798,0
2026-10-06T23:13:11.589,950502089,26.82,0.5818,8.3725,-5.0542,-0.03352,0.00426,0.00798,0
2026-10-06T23:13:12.098,951011093,26.81,0.6273,8.3677,-5.0159,-0.03459,0.00319,0.00692,0
2026-10-06T23:13:12.609,951522089,26.83,0.6009,8.3486,-5.0182,-0.03352,0.00319,0.00798,0
2026-10-06T23:13:15.788,954701093,26.82,0.6249,8.3606,-5.0494,-0.03406,0.00319,0.00851,0
2026-10-06T23:13:15.888,954801089,26.83,0.6009,8.3893,-5.0206,-0.03352,0.00319,0.00692,0
2026-10-06T23:13:15.989,954901093,26.85,0.6153,8.3462,-5.0422,-0.03352,0.00319,0.00745,0
2026-10-06T23:13:16.063,954928467,26.84,0.6153,8.3725,-5.0422,-0.03299,0.00319,0.00798,0
2026-10-06T23:13:16.096,955007246,26.83,0.5962,8.3534,-5.0446,-0.03352,0.00426,0.00745,0
2026-10-06T23:13:16.196,955109089,26.83,0.5938,8.3725,-5.0709,-0.03406,0.00266,0.00692,0
2026-10-06T23:13:16.298,955210093,26.85,0.5986,8.351,-5.0494,-0.03352,0.00372,0.00745,0
2026-10-06T23:13:16.606,955517248,26.83,0.5818,8.3582,-5.0278,-0.03299,0.00426,0.00745,0
2026-10-06T23:13:17.118,956031089,26.83,0.5722,8.3797,-5.0829,-0.03459,0.00372,0.00745,0
2026-10-06T23:13:17.629,956542093,26.84,0.6081,8.3534,-5.0757,-0.03352,0.00319,0.00745,0
2026-10-06T23:13:18.142,957053089,26.82,0.6057,8.3869,-5.0589,-0.03352,0.00372,0.00745,0
2026-10-06T23:13:18.648,957561269,26.83,0.5986,8.406,-5.0278,-0.03406,0.00426,0.00745,0
2026-10-06T23:13:19.170,958083093,26.84,0.5986,8.3606,-5.0566,-0.03352,0.00372,0.00745,0
2026-10-06T23:13:19.569,958482093,26.81,0.6033,8.3941,-5.035,-0.03352,0.00319,0.00851,0
2026-10-06T23:13:20.078,958991227,26.82,0.5938,8.351,-5.0326,-0.03406,0.00266,0.00905,0
2026-10-06T23:13:20.600,959513089,26.86,0.5986,8.3462,-5.0302,-0.03352,0.00372,0.00798,0
2026-10-06T23:13:21.110,960023093,26.84,0.5746,8.3606,-5.0637,-0.03406,0.00426,0.00798,0
2026-10-06T23:13:21.621,960534089,26.85,0.6153,8.3366,-5.0518,-0.03406,0.00372,0.00745,0
2026-10-06T23:13:22.130,961043093,26.85,0.5794,8.3965,-5.0422,-0.03352,0.00426,0.00798,0
2026-10-06T23:13:22.640,961553089,26.86,0.6033,8.3558,-5.0254,-0.03512,0.00319,0.00745,0
2026-10-06T23:13:23.149,962062228,26.85,0.5722,8.3821,-5.0206,-0.03459,0.00319,0.00745,0
2026-10-06T23:13:23.671,962584093,26.85,0.6201,8.351,-5.047,-0.03299,0.00372,0.00798,0
2026-10-06T23:13:26.839,965752093,26.86,0.6129,8.3749,-5.0326,-0.03406,0.00372,0.00745,0
2026-10-06T23:13:26.917,965780761,26.86,0.6201,8.3965,-5.0494,-0.03352,0.00319,0.00692,0
2026-10-06T23:13:27.011,965866089,26.84,0.6009,8.3629,-5.0278,-0.03406,0.00319,0.00798,0
2026-10-06T23:13:27.052,965966093,26.85,0.5914,8.3701,-5.0326,-0.03406,0.00266,0.00798,0
2026-10-06T23:13:27.140,966053093,26.86,0.5914,8.3845,-5.0206,-0.03406,0.00479,0.00745,0
2026-10-06T23:13:27.225,966080719,26.84,0.5818,8.3749,-5.0398,-0.03459,0.00266,0.00745,0
2026-10-06T23:13:27.261,966172089,26.82,0.6057,8.3606,-5.0589,-0.03352,0.00266,0.00745,0
2026-10-06T23:13:27.564,966477105,26.84,0.6033,8.3869,-5.0326,-0.03352,0.00372,0.00639,0
2026-10-06T23:13:28.168,967082093,26.84,0.6081,8.3725,-5.0494,-0.03406,0.00319,0.00745,0
2026-10-06T23:13:28.584,967496089,26.85,0.5842,8.3749,-5.0566,-0.03406,0.00266,0.00745,0
2026-10-06T23:13:29.094,968007093,26.84,0.6345,8.3725,-5.035,-0.03246,0.00372,0.00798,0
2026-10-06T23:13:29.604,968518089,26.83,0.5818,8.3582,-5.0637,-0.03406,0.00372,0.00851,0
2026-10-06T23:13:30.212,969125093,26.85,0.5866,8.3629,-5.0661,-0.03406,0.00372,0.00745,0
2026-10-06T23:13:30.625,969538227,26.85,0.6105,8.3606,-5.0182,-0.03299,0.00372,0.00692,0
2026-10-06T23:13:31.140,970048093,26.85,0.6033,8.3558,-5.0613,-0.03352,0.00266,0.00798,0
2026-10-06T23:13:31.655,970569147,26.87,0.5818,8.3725,-5.0278,-0.03299,0.00372,0.00798,0
2026-10-06T23:13:32.164,971077089,26.85,0.589,8.3534,-5.035,-0.03352,0.00372,0.00745,0
2026-10-06T23:13:32.647,971502097,26.85,0.5962,8.3701,-5.035,-0.03406,0.00372,0.00798,0
2026-10-06T23:13:33.085,971999089,26.86,0.5794,8.3749,-5.0925,-0.03406,0.00372,0.00745,0
2026-10-06T23:13:33.595,972508093,26.85,0.6105,8.3749,-4.9895,-0.03352,0.00372,0.00745,0
2026-10-06T23:13:34.105,973019089,26.84,0.6105,8.3606,-4.9895,-0.03459,0.00372,0.00745,0
2026-10-06T23:13:34.615,973528218,26.85,0.6033,8.3629,-5.0302,-0.03299,0.00319,0.00745,0
2026-10-06T23:13:37.890,976804089,26.87,0.6297,8.3701,-5.0398,-0.03352,0.00319,0.00692,0
2026-10-06T23:13:37.987,976901092,26.86,0.6009,8.3582,-5.035,-0.03352,0.00479,0.00798,0
2026-10-06T23:13:38.065,976934415,26.84,0.6225,8.3534,-5.0637,-0.03352,0.00266,0.00798,0
2026-10-06T23:13:38.174,977032101,26.86,0.6009,8.3606,-5.0589,-0.03459,0.00319,0.00798,0
2026-10-06T23:13:38.205,977118124,26.87,0.6009,8.3821,-5.0326,-0.03406,0.00426,0.00851,0
2026-10-06T23:13:38.295,977209093,26.86,0.5914,8.339,-5.0637,-0.03352,0.00319,0.00798,0
2026-10-06T23:13:38.378,977236415,26.86,0.6177,8.3725,-5.0613,-0.03352,0.00319,0.00745,0
2026-10-06T23:13:38.605,977519098,26.86,0.6177,8.3606,-5.0398,-0.03299,0.00372,0.00798,0
2026-10-06T23:13:39.116,978028221,26.86,0.5794,8.3965,-5.0398,-0.03512,0.00479,0.00798,0
2026-10-06T23:13:39.630,978543089,26.87,0.5938,8.3725,-5.0111,-0.03352,0.00426,0.00745,0
2026-10-06T23:13:40.139,979053093,26.87,0.6033,8.3558,-5.0159,-0.03352,0.00266,0.00745,0
2026-10-06T23:13:40.648,979562189,26.87,0.589,8.3653,-5.0494,-0.03459,0.00372,0.00798,0
2026-10-06T23:13:41.169,980083089,26.88,0.6033,8.3629,-5.0398,-0.03352,0.00319,0.00745,0
2026-10-06T23:13:41.573,980487089,26.85,0.5938,8.3725,-5.035,-0.03352,0.00319,0.00745,0
2026-10-06T23:13:42.094,981008089,26.88,0.5914,8.3749,-5.0566,-0.03406,0.00319,0.00798,0
2026-10-06T23:13:42.593,981506200,26.87,0.5986,8.3773,-5.0925,-0.03352,0.00372,0.00745,0
2026-10-06T23:13:43.115,982028089,26.88,0.6105,8.3629,-5.035,-0.03406,0.00372,0.00745,0
2026-10-06T23:13:43.626,982538127,26.86,0.6249,8.3725,-5.047,-0.03406,0.00372,0.00639,0
2026-10-06T23:13:44.136,983050089,26.86,0.6201,8.3821,-5.0637,-0.03352,0.00319,0.00798,0
2026-10-06T23:13:44.646,983560093,26.88,0.5938,8.3582,-5.0135,-0.03352,0.00319,0.00798,0
2026-10-06T23:13:45.169,984082093,26.87,0.5722,8.3582,-5.0877,-0.03459,0.00372,0.00745,0
2026-10-06T23:13:45.672,984586093,26.87,0.6081,8.351,-5.0135,-0.03352,0.00372,0.00851,0
2026-10-06T23:13:48.840,987754127,26.87,0.5962,8.3558,-5.0613,-0.03406,0.00372,0.00745,0
2026-10-06T23:13:48.929,987793097,26.85,0.6129,8.3893,-5.035,-0.03406,0.00372,0.00851,0
2026-10-06T23:13:49.035,987944191,26.87,0.6057,8.3821,-5.0566,-0.03352,0.00319,0.00745,0
2026-10-06T23:13:49.124,987988179,26.88,0.6129,8.3845,-5.0278,-0.03299,0.00372,0.00798,0
2026-10-06T23:13:49.160,988074093,26.86,0.6177,8.351,-5.0518,-0.03406,0.00319,0.00745,0
2026-10-06T23:13:49.251,988163093,26.87,0.6369,8.351,-5.035,-0.03352,0.00319,0.00798,0
2026-10-06T23:13:49.328,988192720,26.87,0.6129,8.3869,-5.0326,-0.03352,0.00372,0.00745,0
2026-10-06T23:13:49.568,988481128,26.88,0.5938,8.3653,-5.023,-0.03406,0.00319,0.00745,0
2026-10-06T23:13:50.067,988980167,26.87,0.577,8.3677,-5.035,-0.03299,0.00319,0.00745,0
2026-10-06T23:13:50.576,989490089,26.87,0.5986,8.3606,-5.023,-0.03406,0.00319,0.00745,0
2026-10-06T23:13:51.097,990011089,26.86,0.6081,8.3558,-5.0182,-0.03459,0.00319,0.00798,0
2026-10-06T23:13:51.607,990521093,26.84,0.5914,8.3582,-5.0326,-0.03299,0.00319,0.00851,0
2026-10-06T23:13:52.117,991031156,26.87,0.5842,8.3749,-5.0757,-0.03406,0.00426,0.00745,0
2026-10-06T23:13:52.629,991541093,26.86,0.6153,8.3821,-5.0182,-0.03352,0.00426,0.00745,0
2026-10-06T23:13:53.140,992053089,26.87,0.5986,8.3821,-5.0398,-0.03406,0.00319,0.00798,0
2026-10-06T23:13:53.649,992563093,26.87,0.6153,8.3534,-5.0685,-0.03406,0.00319,0.00745,0
2026-10-06T23:13:54.170,993084093,26.85,0.6033,8.3749,-5.047,-0.03406,0.00372,0.00745,0
2026-10-06T23:13:54.643,993499089,26.86,0.6201,8.3701,-5.0542,-0.03352,0.00319,0.00745,0
2026-10-06T23:13:55.093,994007093,26.85,0.6297,8.3629,-5.0254,-0.03352,0.00372,0.00692,0
2026-10-06T23:13:55.604,994518089,26.85,0.5986,8.3701,-5.0159,-0.03352,0.00319,0.00851,0
2026-10-06T23:13:56.107,995018089,26.87,0.5986,8.3486,-5.0446,-0.03406,0.00426,0.00798,0
2026-10-06T23:13:56.627,995541089,26.84,0.6129,8.3653,-5.0685,-0.03352,0.00213,0.00851,0
2026-10-06T23:13:59.788,998702093,26.84,0.5962,8.3701,-5.0326,-0.03406,0.00426,0.00798,0
2026-10-06T23:13:59.894,998808097,26.84,0.5842,8.3749,-5.0589,-0.03406,0.00372,0.00798,0
2026-10-06T23:13:59.982,998894126,26.87,0.589,8.3893,-5.0613,-0.03352,0.00319,0.00745,0
2026-10-06T23:14:00.094,999001220,26.86,0.5986,8.3821,-5.0613,-0.03459,0.00319,0.00745,0
2026-10-06T23:14:00.179,999038152,26.85,0.5794,8.3462,-5.0518,-0.03352,0.00372,0.00692,0
2026-10-06T23:14:00.212,999126093,26.86,0.6009,8.3965,-5.0302,-0.03352,0.00213,0.00745,0
2026-10-06T23:14:00.307,999219093,26.85,0.6057,8.3797,-5.0206,-0.03299,0.00266,0.00798,0
2026-10-06T23:14:00.600,999513204,26.86,0.6105,8.3845,-5.0781,-0.03352,0.00319,0.00692,0
2026-10-06T23:14:01.112,1000024257,26.84,0.6081,8.3462,-5.0422,-0.03352,0.00426,0.00745,0
2026-10-06T23:14:01.639,1000551093,26.86,0.5842,8.3582,-5.0159,-0.03352,0.00426,0.00692,0
2026-10-06T23:14:02.148,1001062089,26.85,0.5626,8.3845,-5.0398,-0.03299,0.00319,0.00745,0
2026-10-06T23:14:02.657,1001571093,26.86,0.6057,8.351,-5.0374,-0.03406,0.00426,0.00798,0
2026-10-06T23:14:03.062,1001973093,26.85,0.5914,8.3677,-5.023,-0.03406,0.00319,0.00851,0
2026-10-06T23:14:03.573,1002485176,26.86,0.6153,8.3653,-5.0254,-0.03299,0.00372,0.00745,0
2026-10-06T23:14:04.094,1003008089,26.84,0.6273,8.3917,-5.0613,-0.03459,0.00372,0.00745,0
2026-10-06T23:14:04.604,1003518093,26.87,0.5962,8.3294,-5.0278,-0.03406,0.00319,0.00798,0
2026-10-06T23:14:05.114,1004027089,26.87,0.6033,8.3653,-5.0326,-0.03352,0.00372,0.00798,0
2026-10-06T23:14:05.624,1004538120,26.83,0.5555,8.3558,-5.0398,-0.03352,0.00426,0.00692,0
2026-10-06T23:14:06.129,1005042098,26.84,0.577,8.3438,-5.0374,-0.03406,0.00372,0.00798,0
2026-10-06T23:14:06.647,1005561092,26.86,0.5938,8.3797,-5.0302,-0.03406,0.00319,0.00851,0
2026-10-06T23:14:07.158,1006072093,26.84,0.6081,8.351,-5.035,-0.03406,0.00319,0.00798,0
2026-10-06T23:14:07.668,1006582089,26.87,0.5842,8.3653,-5.0661,-0.03406,0.00426,0.00798,0
2026-10-06T23:14:10.841,1009753089,26.83,0.577,8.3653,-5.0781,-0.03299,0.00426,0.00798,0
2026-10-06T23:14:10.930,1009841377,26.87,0.6249,8.3701,-5.0278,-0.03352,0.00319,0.00745,0
2026-10-06T23:14:11.024,1009885135,26.86,0.5818,8.3701,-5.0159,-0.03352,0.00372,0.00745,0
2026-10-06T23:14:11.056,1009970089,26.87,0.6033,8.3558,-5.0733,-0.03352,0.00319,0.00745,0
2026-10-06T23:14:11.156,1010070093,26.85,0.6105,8.3486,-5.0422,-0.03406,0.00319,0.00798,0
2026-10-06T23:14:11.257,1010171089,26.86,0.6249,8.3701,-5.0326,-0.03406,0.00479,0.00745,0
2026-10-06T23:14:11.345,1010259223,26.87,0.5962,8.3462,-5.0637,-0.03459,0.00319,0.00798,0
2026-10-06T23:14:11.628,1010483093,26.85,0.5938,8.3701,-5.0566,-0.03459,0.00319,0.00798,0
2026-10-06T23:14:12.076,1010991089,26.88,0.5986,8.3917,-5.0661,-0.03512,0.00372,0.00692,0
2026-10-06T23:14:12.587,1011501093,26.89,0.5962,8.3749,-5.035,-0.03406,0.00319,0.00798,0
2026-10-06T23:14:13.098,1012010089,26.87,0.5986,8.3606,-5.0278,-0.03459,0.00372,0.00798,0
2026-10-06T23:14:13.602,1012516093,26.87,0.6249,8.3893,-5.0518,-0.03352,0.00372,0.00798,0
2026-10-06T23:14:14.122,1013036093,26.9,0.6033,8.3558,-5.0278,-0.03352,0.00319,0.00692,0
2026-10-06T23:14:14.631,1013545089,26.87,0.5866,8.3414,-5.0087,-0.03406,0.00319,0.00745,0
2026-10-06T23:14:15.141,1014055093,26.88,0.5722,8.3845,-5.0135,-0.03406,0.00319,0.00851,0
2026-10-06T23:14:15.653,1014564224,26.88,0.6009,8.3701,-5.0135,-0.03406,0.00372,0.00798,0
2026-10-06T23:14:16.170,1015084089,26.87,0.6105,8.3893,-5.0278,-0.03352,0.00319,0.00798,0
2026-10-06T23:14:16.583,1015498147,26.86,0.5962,8.3629,-5.0302,-0.03352,0.00319,0.00798,0
2026-10-06T23:14:17.084,1015997177,26.88,0.6033,8.3653,-5.0733,-0.03352,0.00372,0.00692,0
2026-10-06T23:14:17.591,1016506089,26.87,0.6081,8.3534,-5.0589,-0.03352,0.00426,0.00851,0
2026-10-06T23:14:18.113,1017027089,26.88,0.5986,8.406,-5.0901,-0.03352,0.00319,0.00745,0
2026-10-06T23:14:18.624,1017536093,26.85,0.5674,8.3534,-5.0925,-0.03352,0.00479,0.00745,0
2026-10-06T23:14:21.788,1020702093,26.87,0.6033,8.3917,-5.0542,-0.03406,0.00372,0.00745,0
2026-10-06T23:14:21.894,1020809097,26.87,0.589,8.3773,-5.0326,-0.03406,0.00372,0.00745,0
2026-10-06T23:14:21.972,1020835783,26.87,0.6153,8.3629,-5.0518,-0.03406,0.00372,0.00745,0
2026-10-06T23:14:22.010,1020924089,26.89,0.6081,8.3629,-5.0518,-0.03352,0.00372,0.00798,0
2026-10-06T23:14:22.089,1021001218,26.87,0.589,8.3797,-5.0278,-0.03352,0.00372,0.00692,0
2026-10-06T23:14:22.179,1021031704,26.88,0.6033,8.3773,-5.0159,-0.03352,0.00319,0.00798,0
2026-10-06T23:14:22.279,1021132093,26.88,0.5746,8.3773,-5.047,-0.03406,0.00372,0.00745,0
2026-10-06T23:14:22.622,1021537318,26.87,0.6273,8.3749,-5.035,-0.03406,0.00319,0.00798,0
2026-10-06T23:14:23.126,1022036248,26.88,0.5962,8.3606,-5.0087,-0.03352,0.00426,0.00745,0
2026-10-06T23:14:23.630,1022544244,26.88,0.5818,8.3845,-5.035,-0.03406,0.00426,0.00745,0
2026-10-06T23:14:24.140,1023054477,26.87,0.6105,8.3629,-5.0542,-0.03406,0.00479,0.00692,0
2026-10-06T23:14:24.632,1023490120,26.86,0.6345,8.3845,-5.0709,-0.03299,0.00319,0.00798,0
2026-10-06T23:14:25.172,1024086089,26.87,0.5938,8.3438,-5.0446,-0.03352,0.00266,0.00745,0
2026-10-06T23:14:25.576,1024486164,26.88,0.6153,8.3677,-4.9967,-0.03406,0.00372,0.00745,0
2026-10-06T23:14:26.099,1025006089,26.9,0.5938,8.3749,-5.0566,-0.03459,0.00426,0.00745,0
2026-10-06T23:14:26.603,1025517093,26.87,0.577,8.3917,-5.0398,-0.03406,0.00426,0.00692,0
2026-10-06T23:14:27.114,1026028089,26.88,0.6153,8.3486,-5.0326,-0.03406,0.00426,0.00745,0
2026-10-06T23:14:27.625,1026539093,26.89,0.589,8.3629,-5.0422,-0.03352,0.00372,0.00745,0
2026-10-06T23:14:28.135,1027049089,26.89,0.5938,8.3438,-5.047,-0.03352,0.00426,0.00745,0
2026-10-06T23:14:28.646,1027559093,26.89,0.6105,8.3653,-5.0278,-0.03352,0.00372,0.00798,0
2026-10-06T23:14:29.158,1028070089,26.89,0.6153,8.3558,-5.0757,-0.03352,0.00266,0.00745,0
2026-10-06T23:14:29.570,1028482096,26.87,0.5626,8.3701,-5.0446,-0.03299,0.00426,0.00692,0
2026-10-06T23:14:32.846,1031759089,26.89,0.6177,8.3725,-5.0182,-0.03352,0.00372,0.00745,0
2026-10-06T23:14:32.947,1031861093,26.88,0.5914,8.3725,-5.0733,-0.03406,0.00372,0.00798,0
2026-10-06T23:14:33.038,1031949246,26.88,0.6009,8.351,-5.0278,-0.03352,0.00372,0.00692,0
2026-10-06T23:14:33.145,1032060097,26.89,0.5866,8.3869,-5.0135,-0.03459,0.00372,0.00745,0
2026-10-06T23:14:33.230,1032084854,26.87,0.5962,8.3462,-5.0446,-0.03352,0.00319,0.00692,0
2026-10-06T23:14:33.331,1032172089,26.89,0.5746,8.3701,-5.0326,-0.03352,0.00372,0.00798,0
2026-10-06T23:14:33.434,1032286124,26.87,0.6345,8.3534,-5.0949,-0.03352,0.00266,0.00745,0
2026-10-06T23:14:33.639,1032491129,26.87,0.6057,8.3989,-5.0949,-0.03406,0.00266,0.00798,0
2026-10-06T23:14:34.075,1032989089,26.89,0.6081,8.3558,-5.0566,-0.03406,0.00372,0.00692,0
2026-10-06T23:14:34.584,1033499093,26.89,0.5818,8.3534,-5.047,-0.03406,0.00372,0.00798,0
2026-10-06T23:14:35.096,1034009089,26.89,0.5866,8.3749,-5.0063,-0.03352,0.00372,0.00692,0
2026-10-06T23:14:35.610,1034521093,26.87,0.6225,8.3701,-5.0015,-0.03406,0.00372,0.00851,0
2026-10-06T23:14:36.116,1035029089,26.9,0.6297,8.3629,-5.0398,-0.03352,0.00426,0.00745,0
2026-10-06T23:14:36.628,1035540183,26.89,0.6416,8.4013,-5.0302,-0.03406,0.00372,0.00745,0
2026-10-06T23:14:37.136,1036051089,26.88,0.6057,8.3558,-5.035,-0.03406,0.00372,0.00798,0
2026-10-06T23:14:37.647,1036562201,26.89,0.5938,8.3582,-5.0613,-0.03406,0.00426,0.00745,0
2026-10-06T23:14:38.169,1037083093,26.88,0.5962,8.4036,-5.0374,-0.03352,0.00372,0.00851,0
2026-10-06T23:14:38.653,1037511223,26.87,0.6297,8.3701,-5.0613,-0.03406,0.00426,0.00798,0
2026-10-06T23:14:39.081,1037996224,26.89,0.6105,8.3821,-5.0637,-0.03352,0.00319,0.00851,0
2026-10-06T23:14:39.604,1038517089,26.88,0.5842,8.3534,-5.0326,-0.03406,0.00372,0.00798,0
2026-10-06T23:14:40.116,1039028093,26.89,0.5866,8.3653,-5.0805,-0.03406,0.00426,0.00692,0
2026-10-06T23:14:40.622,1039536195,26.89,0.589,8.3725,-5.0302,-0.03352,0.00319,0.00745,0
2026-10-06T23:14:43.803,1042717096,26.88,0.6153,8.3725,-5.0494,-0.03406,0.00372,0.00851,0
2026-10-06T23:14:43.978,1042844244,26.89,0.6033,8.3869,-5.0159,-0.03352,0.00319,0.00745,0
2026-10-06T23:14:44.081,1042930089,26.9,0.6105,8.3677,-5.0398,-0.03406,0.00426,0.00798,0
2026-10-06T23:14:44.110,1043019219,26.9,0.6297,8.3653,-5.0446,-0.03459,0.00426,0.00745,0
2026-10-06T23:14:44.206,1043120094,26.87,0.6153,8.3701,-5.0374,-0.03406,0.00319,0.00692,0
2026-10-06T23:14:44.305,1043219089,26.91,0.6177,8.3534,-5.0494,-0.03299,0.00266,0.00745,0
2026-10-06T23:14:44.403,1043318097,26.89,0.6129,8.3725,-5.0566,-0.03459,0.00319,0.00798,0
2026-10-06T23:14:44.614,1043526228,26.88,0.6201,8.3917,-5.0637,-0.03299,0.00372,0.00798,0
2026-10-06T23:14:45.123,1044038116,26.9,0.6129,8.3558,-5.0661,-0.03299,0.00372,0.00745,0
2026-10-06T23:14:45.627,1044542101,26.9,0.6009,8.3725,-5.035,-0.03406,0.00479,0.00745,0
2026-10-06T23:14:46.127,1044990105,26.89,0.6033,8.3677,-5.047,-0.03406,0.00372,0.00745,0
2026-10-06T23:14:46.743,1045591143,26.89,0.5842,8.3749,-5.0853,-0.03459,0.00372,0.00798,0
2026-10-06T23:14:47.065,1045980093,26.89,0.5938,8.3653,-5.0494,-0.03406,0.00319,0.00798,0
2026-10-06T23:14:47.660,1046513143,26.9,0.6033,8.351,-5.0757,-0.03459,0.00319,0.00745,0
2026-10-06T23:14:48.094,1047009089,26.92,0.6057,8.3629,-5.0446,-0.03352,0.00426,0.00798,0
2026-10-06T23:14:48.604,1047518254,26.9,0.577,8.3773,-5.0206,-0.03406,0.00372,0.00798,0
2026-10-06T23:14:49.127,1048041107,26.91,0.5818,8.3534,-5.0589,-0.03459,0.00372,0.00745,0
2026-10-06T23:14:49.638,1048552089,26.89,0.5986,8.3893,-5.0302,-0.03299,0.00372,0.00798,0
2026-10-06T23:14:50.114,1048979143,26.9,0.5674,8.3606,-5.0374,-0.03352,0.00372,0.00745,0
2026-10-06T23:14:50.656,1049571089,26.91,0.6033,8.3534,-5.0494,-0.03352,0.00319,0.00798,0
2026-10-06T23:14:51.129,1049985093,26.9,0.5842,8.3965,-5.0302,-0.03406,0.00372,0.00798,0
2026-10-06T23:14:51.583,1050497089,26.92,0.5938,8.3725,-5.0326,-0.03406,0.00266,0.00745,0
2026-10-06T23:14:54.848,1053762226,26.93,0.5914,8.3893,-5.023,-0.03406,0.00426,0.00745,0
2026-10-06T23:14:54.943,1053858097,26.91,0.5938,8.3653,-5.0326,-0.03406,0.00266,0.00745,0
2026-10-06T23:14:55.048,1053963097,26.91,0.6033,8.3629,-5.0302,-0.03406,0.00372,0.00692,0
2026-10-06T23:14:55.129,1053989411,26.91,0.5674,8.3893,-5.0566,-0.03352,0.00426,0.00798,0
2026-10-06T23:14:55.232,1054089128,26.9,0.6177,8.3725,-5.0254,-0.03406,0.00319,0.00798,0
2026-10-06T23:14:55.335,1054198097,26.93,0.6105,8.3486,-5.0589,-0.03352,0.00266,0.00798,0
2026-10-06T23:14:55.368,1054282094,26.9,0.6249,8.3893,-5.0781,-0.03406,0.00372,0.00798,0
2026-10-06T23:14:55.639,1054492093,26.9,0.5842,8.3558,-5.0661,-0.03459,0.00319,0.00798,0
2026-10-06T23:14:56.074,1054988229,26.9,0.6129,8.3941,-5.0398,-0.03406,0.00372,0.00798,0
2026-10-06T23:14:56.663,1055510093,26.9,0.6033,8.3629,-5.0398,-0.03459,0.00372,0.00745,0
2026-10-06T23:14:57.102,1056017089,26.89,0.6105,8.3558,-5.0039,-0.03406,0.00426,0.00798,0
2026-10-06T23:14:57.611,1056526093,26.91,0.5986,8.3917,-5.0566,-0.03406,0.00319,0.00798,0
2026-10-06T23:14:58.190,1057048093,26.91,0.6105,8.3773,-5.0589,-0.03406,0.00372,0.00851,0
2026-10-06T23:14:58.701,1057556089,26.91,0.6009,8.4013,-5.0302,-0.03352,0.00319,0.00798,0
2026-10-06T23:14:59.154,1058068093,26.92,0.5626,8.3534,-5.0494,-0.03352,0.00372,0.00798,0
2026-10-06T23:14:59.666,1058580089,26.92,0.6105,8.3558,-5.0709,-0.03352,0.00372,0.00851,0
2026-10-06T23:15:00.069,1058984089,26.91,0.5914,8.3486,-5.0829,-0.03406,0.00372,0.00745,0
2026-10-06T23:15:00.655,1059506089,26.9,0.5914,8.406,-5.035,-0.03352,0.00213,0.00798,0
2026-10-06T23:15:01.088,1060003089,26.89,0.5842,8.3869,-5.0566,-0.03352,0.00372,0.00745,0
2026-10-06T23:15:01.599,1060513209,26.92,0.6297,8.3558,-5.0039,-0.03406,0.00372,0.00798,0
2026-10-06T23:15:02.120,1061035093,26.91,0.6105,8.3749,-5.0613,-0.03352,0.00426,0.00745,0
2026-10-06T23:15:02.629,1061544089,26.93,0.6033,8.3534,-5.0326,-0.03406,0.00372,0.00798,0
2026-10-06T23:15:05.874,1064725133,26.91,0.577,8.3486,-5.0206,-0.03352,0.00426,0.00639,0
2026-10-06T23:15:05.908,1064823089,26.91,0.6153,8.3486,-5.0063,-0.03512,0.00319,0.00798,0
2026-10-06T23:15:06.011,1064926093,26.88,0.6009,8.3582,-5.0661,-0.03406,0.00426,0.00692,0
2026-10-06T23:15:06.100,1065015093,26.92,0.589,8.3725,-5.0566,-0.03406,0.00266,0.00745,0
2026-10-06T23:15:06.196,1065111093,26.9,0.6009,8.3797,-5.0613,-0.03352,0.00319,0.00798,0
2026-10-06T23:15:06.305,1065219265,26.91,0.6009,8.3917,-5.0494,-0.03352,0.00372,0.00745,0
2026-10-06T23:15:06.402,1065316097,26.92,0.6105,8.3965,-5.0925,-0.03406,0.00372,0.00851,0
2026-10-06T23:15:06.621,1065537129,26.93,0.5938,8.3869,-5.0589,-0.03406,0.00372,0.00798,0
2026-10-06T23:15:07.131,1066046182,26.92,0.6273,8.3558,-5.035,-0.03406,0.00372,0.00798,0
2026-10-06T23:15:07.642,1066556089,26.91,0.6033,8.3486,-5.035,-0.03406,0.00372,0.00798,0
2026-10-06T23:15:08.154,1067067093,26.91,0.6105,8.3558,-5.0182,-0.03352,0.00372,0.00798,0
2026-10-06T23:15:08.666,1067578089,26.9,0.5818,8.3821,-5.0374,-0.03459,0.00426,0.00798,0
2026-10-06T23:15:09.069,1067984089,26.92,0.6081,8.3773,-5.0254,-0.03352,0.00319,0.00745,0
2026-10-06T23:15:09.654,1068529216,26.92,0.6081,8.3629,-5.0494,-0.03406,0.00372,0.00745,0
2026-10-06T23:15:10.163,1069022178,26.92,0.6225,8.3797,-5.0709,-0.03299,0.00319,0.00692,0
2026-10-06T23:15:10.616,1069532147,26.92,0.565,8.3893,-5.0925,-0.03406,0.00319,0.00798,0
2026-10-06T23:15:11.128,1070043089,26.89,0.6081,8.3606,-5.023,-0.03406,0.00372,0.00798,0
2026-10-06T23:15:11.638,1070553093,26.9,0.5938,8.3558,-5.035,-0.03352,0.00372,0.00745,0
2026-10-06T23:15:12.123,1071037214,26.89,0.6177,8.3606,-5.0302,-0.03352,0.00319,0.00745,0
2026-10-06T23:15:12.657,1071572248,26.9,0.589,8.3701,-5.0446,-0.03406,0.00372,0.00798,0
2026-10-06T23:15:13.060,1071975093,26.93,0.6081,8.3653,-5.0566,-0.03459,0.00266,0.00851,0
2026-10-06T23:15:13.581,1072497147,26.92,0.6105,8.3773,-5.0446,-0.03406,0.00372,0.00745,0
2026-10-06T23:15:16.847,1075762093,26.9,0.589,8.3677,-5.0685,-0.03459,0.00319,0.00851,0
2026-10-06T23:15:16.937,1075846230,26.89,0.6081,8.3582,-5.0637,-0.03406,0.00479,0.00798,0
2026-10-06T23:15:17.030,1075891237,26.89,0.5818,8.3606,-5.0278,-0.03352,0.00372,0.00851,0
2026-10-06T23:15:17.131,1075988089,26.9,0.6153,8.3534,-5.0494,-0.03406,0.00372,0.00798,0
2026-10-06T23:15:17.236,1076098089,26.9,0.6009,8.3725,-5.0278,-0.03406,0.00532,0.00745,0
2026-10-06T23:15:17.335,1076195093,26.91,0.6249,8.3486,-5.0135,-0.03352,0.00372,0.00745,0
2026-10-06T23:15:17.367,1076282153,26.89,0.6081,8.3845,-5.0278,-0.03352,0.00479,0.00798,0
2026-10-06T23:15:17.575,1076491147,26.9,0.6177,8.3534,-5.0374,-0.03352,0.00319,0.00692,0
2026-10-06T23:15:18.075,1076990227,26.89,0.6201,8.3677,-5.047,-0.03352,0.00319,0.00745,0
2026-10-06T23:15:18.588,1077499089,26.91,0.5794,8.3558,-5.0422,-0.03406,0.00372,0.00798,0
2026-10-06T23:15:19.106,1078020089,26.9,0.5866,8.3486,-5.0398,-0.03352,0.00372,0.00745,0
2026-10-06T23:15:19.620,1078531093,26.89,0.5626,8.3582,-5.0398,-0.03299,0.00266,0.00798,0
2026-10-06T23:15:20.124,1079039089,26.88,0.589,8.351,-5.023,-0.03352,0.00319,0.00745,0
2026-10-06T23:15:20.635,1079548093,26.88,0.6321,8.3701,-5.0637,-0.03352,0.00266,0.00851,0
2026-10-06T23:15:21.152,1080068147,26.91,0.6225,8.3821,-5.0542,-0.03406,0.00266,0.00798,0
2026-10-06T23:15:21.663,1080578089,26.89,0.6009,8.3869,-5.0566,-0.03406,0.00372,0.00798,0
2026-10-06T23:15:22.068,1080979089,26.88,0.6105,8.3845,-4.9752,-0.03459,0.00372,0.00639,0
2026-10-06T23:15:22.583,1081498089,26.89,0.6105,8.3749,-5.0685,-0.03406,0.00532,0.00798,0
2026-10-06T23:15:23.093,1082008093,26.89,0.6225,8.3653,-5.0566,-0.03406,0.00266,0.00798,0
2026-10-06T23:15:23.605,1082517089,26.89,0.5962,8.3725,-5.0087,-0.03299,0.00372,0.00745,0
2026-10-06T23:15:24.193,1083047097,26.92,0.5938,8.3606,-5.0063,-0.03459,0.00319,0.00745,0
2026-10-06T23:15:24.630,1083543093,26.89,0.5842,8.3725,-5.0254,-0.03406,0.00266,0.00692,0
2026-10-06T23:15:27.797,1086708212,26.91,0.5866,8.3462,-5.0374,-0.03406,0.00372,0.00745,0
2026-10-06T23:15:27.904,1086813097,26.91,0.5578,8.351,-5.0374,-0.03406,0.00319,0.00798,0
2026-10-06T23:15:28.008,1086922093,26.91,0.6201,8.3534,-5.035,-0.03406,0.00319,0.00745,0
2026-10-06T23:15:28.115,1087020248,26.9,0.5866,8.3845,-5.0182,-0.03406,0.00372,0.00798,0
2026-10-06T23:15:28.206,1087118089,26.91,0.6081,8.3749,-5.047,-0.03406,0.00372,0.00692,0
2026-10-06T23:15:28.287,1087160093,26.91,0.5722,8.3534,-5.0685,-0.03406,0.00372,0.00692,0
2026-10-06T23:15:28.316,1087231093,26.89,0.589,8.3462,-5.0661,-0.03406,0.00319,0.00798,0
2026-10-06T23:15:28.610,1087525242,26.92,0.577,8.3797,-5.0254,-0.03352,0.00319,0.00798,0
2026-10-06T23:15:29.134,1088048089,26.9,0.5794,8.3486,-4.9919,-0.03352,0.00372,0.00798,0
2026-10-06T23:15:29.647,1088558093,26.91,0.6057,8.3845,-5.0254,-0.03352,0.00479,0.00745,0
2026-10-06T23:15:30.159,1089068107,26.92,0.5938,8.351,-4.9967,-0.03406,0.00372,0.00745,0
2026-10-06T23:15:30.568,1089479093,26.89,0.5938,8.3773,-5.035,-0.03352,0.00372,0.00692,0
2026-10-06T23:15:31.079,1089987089,26.89,0.5842,8.3582,-5.0182,-0.03406,0.00266,0.00745,0
2026-10-06T23:15:31.661,1090518101,26.91,0.6033,8.3606,-5.0278,-0.03299,0.00319,0.00745,0
2026-10-06T23:15:32.104,1091015093,26.9,0.5794,8.3773,-5.0278,-0.03406,0.00426,0.00798,0
2026-10-06T23:15:32.612,1091522232,26.91,0.6177,8.3438,-5.0518,-0.03406,0.00372,0.00745,0
2026-10-06T23:15:33.127,1092042089,26.89,0.5866,8.3653,-5.0374,-0.03406,0.00372,0.00745,0
2026-10-06T23:15:33.639,1092553097,26.89,0.6129,8.3749,-5.0159,-0.03299,0.00319,0.00798,0
2026-10-06T23:15:34.138,1093052162,26.91,0.5722,8.3677,-5.023,-0.03352,0.00426,0.00798,0
2026-10-06T23:15:34.663,1093573093,26.93,0.589,8.3653,-5.0254,-0.03299,0.00372,0.00745,0
2026-10-06T23:15:35.172,1094082089,26.92,0.6081,8.3414,-5.047,-0.03352,0.00319,0.00745,0
2026-10-06T23:15:35.580,1094494096,26.93,0.589,8.3749,-5.0566,-0.03352,0.00372,0.00745,0
2026-10-06T23:15:38.862,1097771089,26.93,0.589,8.3653,-5.0661,-0.03406,0.00319,0.00692,0
2026-10-06T23:15:38.953,1097868093,26.94,0.6009,8.3414,-5.0398,-0.03406,0.00426,0.00692,0
2026-10-06T23:15:39.054,1097969089,26.92,0.6105,8.3653,-5.0206,-0.03406,0.00319,0.00798,0
2026-10-06T23:15:39.154,1098069093,26.93,0.6369,8.351,-5.0518,-0.03459,0.00372,0.00745,0
2026-10-06T23:15:39.229,1098110244,26.93,0.6081,8.3677,-5.0398,-0.03406,0.00372,0.00745,0
2026-10-06T23:15:39.269,1098184244,26.93,0.6129,8.3653,-5.0709,-0.03299,0.00426,0.00798,0
2026-10-06T23:15:39.360,1098273089,26.93,0.5962,8.3606,-5.0374,-0.03352,0.00426,0.00798,0
2026-10-06T23:15:39.567,1098483089,26.93,0.6009,8.339,-5.047,-0.03352,0.00372,0.00745,0
2026-10-06T23:15:40.156,1099003089,26.93,0.589,8.3606,-5.0326,-0.03352,0.00372,0.00745,0
2026-10-06T23:15:40.594,1099510093,26.92,0.6033,8.3725,-5.0446,-0.03406,0.00426,0.00745,0
2026-10-06T23:15:41.103,1100018125,26.95,0.6129,8.351,-5.0398,-0.03406,0.00372,0.00692,0
2026-10-06T23:15:41.612,1100528093,26.93,0.6129,8.3653,-5.0733,-0.03406,0.00319,0.00851,0
2026-10-06T23:15:42.122,1101038115,26.93,0.6057,8.3606,-5.0829,-0.03406,0.00372,0.00798,0
2026-10-06T23:15:42.633,1101549093,26.92,0.6009,8.3653,-5.0446,-0.03352,0.00372,0.00745,0
2026-10-06T23:15:43.143,1102058220,26.93,0.6105,8.3677,-5.0182,-0.03352,0.00372,0.00798,0
2026-10-06T23:15:43.634,1102497097,26.94,0.5986,8.3965,-5.0326,-0.03352,0.00426,0.00798,0
2026-10-06T23:15:44.173,1103089093,26.93,0.5818,8.3797,-5.023,-0.03406,0.00319,0.00745,0
2026-10-06T23:15:44.579,1103494093,26.95,0.5818,8.3749,-5.0087,-0.03352,0.00426,0.00692,0
2026-10-06T23:15:45.094,1104006089,26.93,0.6105,8.3797,-5.0709,-0.03352,0.00319,0.00851,0
2026-10-06T23:15:45.600,1104516093,26.92,0.5866,8.3629,-5.0398,-0.03299,0.00372,0.00745,0
2026-10-06T23:15:46.109,1105025100,26.95,0.5962,8.3965,-5.0422,-0.03352,0.00372,0.00745,0
2026-10-06T23:15:46.631,1105547089,26.96,0.5794,8.3653,-5.047,-0.03352,0.00372,0.00798,0
2026-10-06T23:15:49.799,1108715089,26.94,0.6009,8.3941,-5.0637,-0.03406,0.00319,0.00798,0
2026-10-06T23:15:49.900,1108815093,26.96,0.5914,8.3582,-5.035,-0.03299,0.00319,0.00745,0
2026-10-06T23:15:50.002,1108917089,26.95,0.5914,8.3558,-5.0398,-0.03406,0.00319,0.00745,0
2026-10-06T23:15:50.102,1109018093,26.97,0.6033,8.3773,-5.0374,-0.03406,0.00319,0.00745,0
2026-10-06T23:15:50.184,1109045882,26.96,0.6057,8.3797,-5.0326,-0.03352,0.00372,0.00692,0
2026-10-06T23:15:50.215,1109125226,26.94,0.6033,8.3701,-5.0039,-0.03299,0.00372,0.00798,0
2026-10-06T23:15:50.318,1109233089,26.94,0.6105,8.3725,-5.035,-0.03406,0.00426,0.00745,0
2026-10-06T23:15:50.611,1109527093,26.97,0.5674,8.3629,-5.0278,-0.03352,0.00319,0.00798,0
2026-10-06T23:15:51.133,1110049093,26.94,0.6033,8.3749,-5.0518,-0.03352,0.00266,0.00798,0
2026-10-06T23:15:51.646,1110560089,26.96,0.5962,8.3677,-5.0135,-0.03352,0.00372,0.00798,0
2026-10-06T23:15:52.122,1110999097,26.95,0.6129,8.3677,-5.0685,-0.03352,0.00426,0.00798,0
2026-10-06T23:15:52.660,1111576089,26.95,0.589,8.3821,-5.0326,-0.03406,0.00266,0.00798,0
2026-10-06T23:15:53.074,1111990224,26.94,0.5986,8.3869,-5.0518,-0.03459,0.00372,0.00745,0
2026-10-06T23:15:53.584,1112500089,26.95,0.5818,8.3677,-5.0781,-0.03352,0.00372,0.00745,0
2026-10-06T23:15:54.094,1113009195,26.97,0.5962,8.3438,-5.0398,-0.03352,0.00319,0.00692,0
2026-10-06T23:15:54.604,1113519243,26.94,0.6177,8.3462,-5.0398,-0.03406,0.00372,0.00745,0
2026-10-06T23:15:55.125,1114041089,26.94,0.6033,8.3893,-5.0398,-0.03299,0.00426,0.00745,0
2026-10-06T23:15:55.636,1114552093,26.96,0.5866,8.3677,-5.0494,-0.03352,0.00372,0.00745,0
2026-10-06T23:15:56.146,1115062089,26.96,0.6201,8.3821,-5.0159,-0.03406,0.00266,0.00692,0
2026-10-06T23:15:56.658,1115573174,26.97,0.5866,8.351,-5.0829,-0.03406,0.00372,0.00745,0
2026-10-06T23:15:57.169,1116083089,26.94,0.5986,8.3773,-5.0278,-0.03406,0.00266,0.00798,0
2026-10-06T23:15:57.583,1116499093,26.95,0.5914,8.3653,-5.0254,-0.03406,0.00372,0.00692,0
2026-10-06T23:16:00.858,1119775163,26.94,0.5818,8.3797,-5.0589,-0.03406,0.00426,0.00798,0
2026-10-06T23:16:00.958,1119874093,26.94,0.6249,8.3677,-5.0182,-0.03406,0.00319,0.00745,0
2026-10-06T23:16:01.068,1119985128,26.94,0.5962,8.3941,-5.0853,-0.03352,0.00372,0.00798,0
2026-10-06T23:16:01.158,1120074093,26.94,0.6009,8.3534,-5.0302,-0.03406,0.00372,0.00851,0
2026-10-06T23:16:01.230,1120112427,26.96,0.6201,8.3582,-5.0781,-0.03352,0.00426,0.00798,0
2026-10-06T23:16:01.268,1120184093,26.94,0.6057,8.3869,-5.0661,-0.03352,0.00372,0.00745,0
2026-10-06T23:16:01.358,1120273093,26.94,0.6081,8.3366,-5.023,-0.03459,0.00266,0.00745,0
2026-10-06T23:16:01.568,1120482114,26.94,0.6129,8.3629,-5.0374,-0.03406,0.00479,0.00798,0
2026-10-06T23:16:02.078,1120994089,26.95,0.6009,8.3582,-5.0278,-0.03406,0.00426,0.00745,0
2026-10-06T23:16:02.590,1121506093,26.96,0.6009,8.3749,-5.0709,-0.03352,0.00319,0.00798,0
2026-10-06T23:16:03.101,1122017089,26.93,0.6009,8.3582,-5.023,-0.03406,0.00372,0.00798,0
2026-10-06T23:16:03.610,1122526093,26.94,0.6153,8.3941,-5.0757,-0.03406,0.00372,0.00745,0
2026-10-06T23:16:04.115,1123031232,26.94,0.5794,8.3629,-5.0326,-0.03459,0.00426,0.00798,0
2026-10-06T23:16:04.637,1123553089,26.94,0.5866,8.3797,-5.0589,-0.03406,0.00372,0.00745,0
2026-10-06T23:16:05.145,1124061093,26.94,0.6105,8.3582,-5.047,-0.03352,0.00426,0.00745,0
2026-10-06T23:16:05.665,1124581093,26.94,0.6057,8.3629,-5.0206,-0.03406,0.00372,0.00745,0
2026-10-06T23:16:06.175,1125091089,26.96,0.6009,8.339,-5.035,-0.03406,0.00372,0.00851,0
2026-10-06T23:16:06.589,1125505093,26.95,0.5986,8.3749,-5.0613,-0.03352,0.00426,0.00745,0
2026-10-06T23:16:07.088,1126004244,26.95,0.6057,8.3821,-5.0326,-0.03406,0.00372,0.00851,0
2026-10-06T23:16:07.613,1126527093,26.94,0.5746,8.3797,-5.035,-0.03406,0.00372,0.00745,0
2026-10-06T23:16:08.123,1127039089,26.97,0.6129,8.3606,-5.047,-0.03299,0.00479,0.00851,0
2026-10-06T23:16:08.632,1127548093,26.96,0.5914,8.3629,-5.047,-0.03406,0.00372,0.00798,0
2026-10-06T23:16:11.894,1130808092,26.95,0.6153,8.3582,-5.035,-0.03299,0.00372,0.00745,0
2026-10-06T23:16:12.007,1130924093,26.95,0.6273,8.3749,-5.0613,-0.03512,0.00479,0.00798,0
2026-10-06T23:16:12.104,1131019097,26.94,0.6201,8.3773,-5.0374,-0.03352,0.00426,0.00745,0
2026-10-06T23:16:12.200,1131117237,26.98,0.5938,8.3773,-5.0661,-0.03406,0.00319,0.00851,0
2026-10-06T23:16:12.290,1131158290,26.98,0.6057,8.3582,-5.0398,-0.03459,0.00372,0.00798,0
2026-10-06T23:16:12.392,1131254132,26.96,0.6177,8.3701,-5.035,-0.03299,0.00319,0.00745,0
2026-10-06T23:16:12.428,1131339265,26.98,0.6201,8.3821,-5.0182,-0.03352,0.00372,0.00798,0
2026-10-06T23:16:12.618,1131534089,26.97,0.6105,8.3677,-5.0326,-0.03352,0.00372,0.00745,0
2026-10-06T23:16:13.129,1132045093,26.97,0.6297,8.3797,-5.047,-0.03352,0.00426,0.00851,0
2026-10-06T23:16:13.639,1132555211,26.98,0.6201,8.3606,-5.0159,-0.03406,0.00319,0.00692,0
2026-10-06T23:16:14.148,1133064190,26.96,0.5794,8.3773,-5.0422,-0.03406,0.00266,0.00798,0
2026-10-06T23:16:14.669,1133586093,26.95,0.6033,8.3773,-5.0446,-0.03352,0.00426,0.00745,0
2026-10-06T23:16:15.071,1133987093,26.97,0.6129,8.3797,-5.023,-0.03352,0.00266,0.00692,0
2026-10-06T23:16:15.665,1134520143,26.97,0.6057,8.3725,-5.035,-0.03352,0.00372,0.00745,0
2026-10-06T23:16:16.101,1135018089,26.97,0.5794,8.4013,-5.0542,-0.03352,0.00372,0.00745,0
2026-10-06T23:16:16.610,1135527093,26.96,0.6057,8.3749,-5.0326,-0.03352,0.00372,0.00745,0
2026-10-06T23:16:17.120,1136036207,26.97,0.6177,8.3797,-5.0326,-0.03352,0.00319,0.00798,0
2026-10-06T23:16:17.625,1136542097,26.97,0.6057,8.3845,-5.0135,-0.03406,0.00372,0.00745,0
2026-10-06T23:16:18.055,1136968178,26.96,0.6177,8.3797,-5.0182,-0.03406,0.00372,0.00745,0
2026-10-06T23:16:18.658,1137574089,26.97,0.6057,8.3486,-5.0685,-0.03406,0.00319,0.00745,0
2026-10-06T23:16:19.181,1138095089,26.98,0.6081,8.3773,-5.0422,-0.03352,0.00319,0.00798,0
2026-10-06T23:16:19.580,1138497143,26.97,0.5818,8.3677,-4.9871,-0.03459,0.00319,0.00798,0
2026-10-06T23:16:22.858,1141774093,26.98,0.6201,8.3725,-5.047,-0.03352,0.00266,0.00798,0
2026-10-06T23:16:22.949,1141865421,26.97,0.5914,8.3534,-5.047,-0.03459,0.00372,0.00745,0
2026-10-06T23:16:23.055,1141972097,26.96,0.5986,8.3725,-5.0206,-0.03352,0.00426,0.00798,0
2026-10-06T23:16:23.150,1142067093,26.97,0.5938,8.3629,-5.047,-0.03352,0.00266,0.00745,0
2026-10-06T23:16:23.240,1142106140,26.96,0.5938,8.3869,-5.0302,-0.03406,0.00372,0.00745,0
2026-10-06T23:16:23.340,1142202133,26.96,0.5938,8.3749,-5.0518,-0.03459,0.00372,0.00745,0
2026-10-06T23:16:23.370,1142287093,27.0,0.6057,8.3749,-5.0111,-0.03352,0.00372,0.00798,0
2026-10-06T23:16:23.569,1142485244,26.98,0.589,8.3677,-5.0206,-0.03406,0.00319,0.00692,0
2026-10-06T23:16:24.079,1142996093,26.98,0.5986,8.3797,-5.0709,-0.03459,0.00372,0.00745,0
2026-10-06T23:16:24.601,1143518093,26.98,0.5986,8.3797,-4.9943,-0.03299,0.00266,0.00798,0
2026-10-06T23:16:25.110,1144027089,26.97,0.5986,8.3869,-5.0326,-0.03352,0.00319,0.00798,0
2026-10-06T23:16:25.702,1144549143,26.96,0.6057,8.3845,-5.035,-0.03406,0.00213,0.00692,0
2026-10-06T23:16:26.131,1145044089,26.95,0.6105,8.3438,-5.0446,-0.03299,0.00319,0.00745,0
2026-10-06T23:16:26.638,1145554093,26.98,0.6345,8.3606,-5.0996,-0.03352,0.00426,0.00692,0
2026-10-06T23:16:27.147,1146064089,26.96,0.5962,8.3941,-5.0422,-0.03406,0.00319,0.00851,0
2026-10-06T23:16:27.742,1146596093,26.96,0.6129,8.3797,-5.047,-0.03406,0.00372,0.00692,0
2026-10-06T23:16:28.177,1147094093,26.96,0.6057,8.3821,-5.0494,-0.03406,0.00426,0.00692,0
2026-10-06T23:16:28.590,1147507089,26.97,0.6057,8.3821,-5.0326,-0.03352,0.00319,0.00745,0
2026-10-06T23:16:29.100,1148016093,26.96,0.5986,8.3797,-5.0661,-0.03352,0.00372,0.00745,0
2026-10-06T23:16:29.679,1148538114,26.97,0.6249,8.3725,-5.0542,-0.03352,0.00372,0.00798,0
2026-10-06T23:16:30.120,1149034093,26.97,0.5938,8.3677,-5.035,-0.03352,0.00372,0.00745,0
2026-10-06T23:16:30.638,1149555093,26.96,0.589,8.3725,-5.035,-0.03406,0.00319,0.00798,0
2026-10-06T23:16:33.798,1152715199,26.96,0.6009,8.3558,-5.035,-0.03246,0.00319,0.00798,0
2026-10-06T23:16:33.881,1152741812,26.98,0.6201,8.3701,-5.0781,-0.03352,0.00372,0.00851,0
2026-10-06T23:16:33.912,1152829093,26.95,0.6057,8.3582,-5.0374,-0.03352,0.00426,0.00745,0
2026-10-06T23:16:34.012,1152929124,26.97,0.6225,8.351,-5.047,-0.03406,0.00426,0.00745,0
2026-10-06T23:16:34.103,1153019485,26.95,0.6249,8.3438,-5.0613,-0.03352,0.00372,0.00798,0
2026-10-06T23:16:34.190,1153046883,26.95,0.6153,8.3845,-4.9967,-0.03406,0.00319,0.00798,0
2026-10-06T23:16:34.222,1153135093,26.96,0.6009,8.3701,-5.0302,-0.03406,0.00266,0.00798,0
2026-10-06T23:16:34.626,1153543093,26.97,0.5842,8.3725,-5.0518,-0.03406,0.00319,0.00692,0
2026-10-06T23:16:35.140,1154054089,26.95,0.6057,8.3438,-5.0374,-0.03352,0.00426,0.00745,0
2026-10-06T23:16:35.651,1154566211,26.95,0.5842,8.3701,-5.0398,-0.03406,0.00266,0.00745,0
2026-10-06T23:16:36.161,1155078089,26.94,0.6249,8.3749,-5.0278,-0.03352,0.00372,0.00851,0
2026-10-06T23:16:36.672,1155589093,26.96,0.589,8.3582,-5.0302,-0.03406,0.00372,0.00851,0
2026-10-06T23:16:37.072,1155989242,26.95,0.6225,8.4013,-5.0087,-0.03352,0.00372,0.00745,0
2026-10-06T23:16:37.593,1156510093,26.94,0.5914,8.3725,-5.0398,-0.03406,0.00372,0.00798,0
2026-10-06T23:16:38.102,1157019089,26.94,0.6249,8.3534,-5.0685,-0.03299,0.00319,0.00798,0
2026-10-06T23:16:38.611,1157528093,26.92,0.5866,8.3749,-5.035,-0.03299,0.00426,0.00798,0
2026-10-06T23:16:39.132,1158049093,26.95,0.6033,8.3917,-5.0422,-0.03352,0.00372,0.00798,0
2026-10-06T23:16:39.637,1158551088,26.95,0.6129,8.3629,-5.035,-0.03352,0.00319,0.00692,0
2026-10-06T23:16:40.143,1159059216,26.92,0.6177,8.3845,-5.035,-0.03406,0.00426,0.00745,0
2026-10-06T23:16:40.669,1159583093,26.93,0.6057,8.3534,-5.035,-0.03459,0.00372,0.00798,0
2026-10-06T23:16:41.065,1159982244,26.95,0.5962,8.3821,-5.0254,-0.03299,0.00319,0.00798,0
2026-10-06T23:16:41.577,1160491204,26.95,0.6105,8.3797,-5.0182,-0.03406,0.00372,0.00745,0
2026-10-06T23:16:44.849,1163766221,26.93,0.6009,8.3869,-5.0206,-0.03352,0.00372,0.00692,0
2026-10-06T23:16:44.956,1163872097,26.93,0.5914,8.3869,-5.0159,-0.03299,0.00319,0.00745,0
2026-10-06T23:16:45.051,1163968093,26.92,0.6081,8.3653,-5.0135,-0.03459,0.00372,0.00692,0
2026-10-06T23:16:45.156,1164073093,26.93,0.6129,8.3534,-5.0159,-0.03459,0.00426,0.00798,0
2026-10-06T23:16:45.266,1164181093,26.92,0.6033,8.3869,-5.0494,-0.03299,0.00372,0.00745,0
2026-10-06T23:16:45.361,1164278097,26.92,0.6249,8.3893,-5.0063,-0.03459,0.00372,0.00745,0
2026-10-06T23:16:45.446,1164302840,26.92,0.589,8.3749,-5.0542,-0.03352,0.00319,0.00692,0
2026-10-06T23:16:45.569,1164486089,26.94,0.5986,8.3653,-5.0542,-0.03352,0.00372,0.00798,0
2026-10-06T23:16:46.080,1164996093,26.92,0.6225,8.3677,-5.0326,-0.03406,0.00319,0.00798,0
2026-10-06T23:16:46.601,1165518093,26.94,0.6273,8.3677,-5.0446,-0.03352,0.00426,0.00745,0
2026-10-06T23:16:47.111,1166028089,26.93,0.6009,8.3917,-5.0589,-0.03459,0.00372,0.00692,0
2026-10-06T23:16:47.622,1166538116,26.94,0.6153,8.3869,-5.0589,-0.03352,0.00319,0.00692,0
2026-10-06T23:16:48.132,1167048090,26.91,0.6081,8.3534,-5.0374,-0.03459,0.00426,0.00745,0
2026-10-06T23:16:48.642,1167558097,26.92,0.6153,8.3629,-5.0422,-0.03352,0.00479,0.00798,0
2026-10-06T23:16:49.161,1168069089,26.93,0.6009,8.3486,-5.0685,-0.03406,0.00372,0.00798,0
2026-10-06T23:16:49.660,1168577216,26.93,0.6081,8.3677,-5.0518,-0.03352,0.00319,0.00798,0
2026-10-06T23:16:50.076,1168990089,26.92,0.5962,8.3701,-4.9847,-0.03193,0.00319,0.00745,0
2026-10-06T23:16:50.587,1169503093,26.93,0.5938,8.3629,-5.0877,-0.03352,0.00426,0.00745,0
2026-10-06T23:16:51.100,1170013089,26.93,0.6081,8.3941,-5.1044,-0.03406,0.00372,0.00798,0
2026-10-06T23:16:51.604,1170521176,26.94,0.6105,8.3821,-5.0446,-0.03299,0.00372,0.00745,0
2026-10-06T23:16:52.125,1171042093,26.91,0.5794,8.3869,-5.035,-0.03352,0.00319,0.00692,0
2026-10-06T23:16:52.635,1171551089,26.92,0.5962,8.3582,-5.0159,-0.03352,0.00426,0.00692,0
2026-10-06T23:16:55.805,1174722089,26.9,0.6153,8.3606,-5.0446,-0.03406,0.00319,0.00745,0
2026-10-06T23:16:55.913,1174821269,26.91,0.6225,8.3653,-5.0374,-0.03299,0.00319,0.00745,0
2026-10-06T23:16:56.020,1174931093,26.91,0.6177,8.3821,-5.0398,-0.03352,0.00319,0.00851,0
2026-10-06T23:16:56.123,1175033089,26.9,0.6057,8.3773,-5.0518,-0.03299,0.00372,0.00639,0
2026-10-06T23:16:56.219,1175133134,26.91,0.5866,8.3606,-5.0518,-0.03406,0.00319,0.00745,0
2026-10-06T23:16:56.322,1175236089,26.91,0.5962,8.3917,-5.0518,-0.03352,0.00479,0.00798,0
2026-10-06T23:16:56.414,1175329245,26.92,0.5938,8.3558,-5.0254,-0.03299,0.00319,0.00745,0
2026-10-06T23:16:56.617,1175535093,26.91,0.6105,8.3845,-5.0135,-0.03352,0.00426,0.00745,0
2026-10-06T23:16:57.140,1176056089,26.91,0.6057,8.3821,-5.0518,-0.03406,0.00372,0.00692,0
2026-10-06T23:16:57.652,1176565093,26.94,0.5962,8.3749,-5.0278,-0.03406,0.00213,0.00798,0
2026-10-06T23:16:58.156,1177073234,26.91,0.6393,8.3558,-5.0589,-0.03352,0.00319,0.00745,0
2026-10-06T23:16:58.569,1177486093,26.9,0.6033,8.3725,-5.0398,-0.03299,0.00319,0.00798,0
2026-10-06T23:16:59.078,1177995089,26.89,0.5962,8.3749,-5.0494,-0.03352,0.00426,0.00745,0
2026-10-06T23:16:59.588,1178505093,26.91,0.5962,8.3749,-5.0111,-0.03406,0.00319,0.00798,0
2026-10-06T23:17:00.099,1179014195,26.92,0.5986,8.3677,-5.035,-0.03299,0.00319,0.00745,0
2026-10-06T23:17:00.621,1179538166,26.91,0.5938,8.3677,-5.0182,-0.03406,0.00372,0.00798,0
2026-10-06T23:17:01.130,1180047093,26.91,0.6105,8.3749,-5.0111,-0.03352,0.00426,0.00692,0
2026-10-06T23:17:01.648,1180558089,26.9,0.6057,8.3629,-5.0589,-0.03406,0.00319,0.00851,0
2026-10-06T23:17:02.227,1181089097,26.91,0.6129,8.3582,-5.0661,-0.03352,0.00319,0.00745,0
2026-10-06T23:17:02.659,1181573252,26.92,0.6009,8.3965,-5.0589,-0.03406,0.00319,0.00745,0
2026-10-06T23:17:03.069,1181986093,26.92,0.6057,8.3175,-5.0446,-0.03406,0.00372,0.00798,0
2026-10-06T23:17:03.578,1182495227,26.91,0.6033,8.3558,-5.0206,-0.03352,0.00319,0.00798,0
2026-10-06T23:17:06.864,1185781092,26.9,0.6057,8.3653,-4.9991,-0.03352,0.00319,0.00745,0
2026-10-06T23:17:06.964,1185881093,26.9,0.6153,8.3606,-5.0087,-0.03406,0.00372,0.00851,0
2026-10-06T23:17:07.066,1185983242,26.9,0.5986,8.3701,-5.0637,-0.03406,0.00372,0.00851,0
2026-10-06T23:17:07.154,1186071246,26.88,0.6129,8.3653,-5.0446,-0.03406,0.00372,0.00798,0
2026-10-06T23:17:07.246,1186098739,26.89,0.6129,8.3749,-5.0589,-0.03352,0.00426,0.00851,0
2026-10-06T23:17:07.346,1186209182,26.91,0.5914,8.3725,-5.0446,-0.03352,0.00372,0.00639,0
2026-10-06T23:17:07.380,1186293093,26.92,0.6153,8.4084,-5.0757,-0.03299,0.00372,0.00745,0
2026-10-06T23:17:07.586,1186503093,26.89,0.6201,8.3701,-5.0374,-0.03406,0.00266,0.00798,0
2026-10-06T23:17:08.089,1187004093,26.9,0.6201,8.3941,-5.023,-0.03352,0.00372,0.00745,0
2026-10-06T23:17:08.598,1187515089,26.9,0.5626,8.3749,-5.0087,-0.03299,0.00372,0.00745,0
2026-10-06T23:17:09.110,1188026093,26.89,0.6057,8.3725,-5.0494,-0.03406,0.00372,0.00745,0
2026-10-06T23:17:09.622,1188536089,26.91,0.6009,8.3629,-5.0374,-0.03352,0.00372,0.00745,0
2026-10-06T23:17:10.127,1189044093,26.9,0.6081,8.3773,-5.0087,-0.03299,0.00426,0.00745,0
2026-10-06T23:17:10.648,1189565093,26.91,0.5866,8.3941,-5.035,-0.03352,0.00372,0.00745,0
2026-10-06T23:17:11.233,1190098193,26.91,0.6201,8.3653,-5.0374,-0.03352,0.00319,0.00798,0
2026-10-06T23:17:11.662,1190579145,26.91,0.5938,8.3821,-5.0542,-0.03299,0.00426,0.00798,0
2026-10-06T23:17:12.086,1191003093,26.93,0.6057,8.3749,-5.023,-0.03406,0.00372,0.00798,0
2026-10-06T23:17:12.597,1191514089,26.92,0.6009,8.3797,-5.0829,-0.03406,0.00372,0.00798,0
2026-10-06T23:17:13.108,1192025093,26.91,0.6273,8.3677,-5.0805,-0.03352,0.00372,0.00798,0
2026-10-06T23:17:13.619,1192537143,26.91,0.6081,8.3773,-5.035,-0.03352,0.00319,0.00798,0
2026-10-06T23:17:14.128,1193044093,26.9,0.5914,8.3965,-5.0398,-0.03246,0.00372,0.00692,0
2026-10-06T23:17:14.639,1193554089,26.89,0.6153,8.3869,-5.0206,-0.03352,0.00372,0.00692,0
2026-10-06T23:17:17.808,1196722150,26.91,0.5986,8.3821,-5.0087,-0.03406,0.00319,0.00745,0
2026-10-06T23:17:17.910,1196827093,26.9,0.5818,8.3606,-5.0135,-0.03352,0.00372,0.00798,0
2026-10-06T23:17:18.010,1196927093,26.91,0.6033,8.3606,-5.0781,-0.03406,0.00319,0.00692,0
2026-10-06T23:17:18.091,1196955778,26.91,0.6057,8.3845,-5.023,-0.03406,0.00372,0.00851,0
2026-10-06T23:17:18.119,1197033093,26.91,0.5842,8.3629,-5.0135,-0.03299,0.00372,0.00798,0
2026-10-06T23:17:18.212,1197125093,26.89,0.5962,8.3965,-5.0518,-0.03299,0.00319,0.00745,0
2026-10-06T23:17:18.295,1197165143,26.89,0.5698,8.3606,-5.0733,-0.03406,0.00319,0.00798,0
2026-10-06T23:17:18.601,1197477089,26.93,0.6249,8.4013,-5.0518,-0.03459,0.00426,0.00851,0
2026-10-06T23:17:19.218,1198067089,26.89,0.5938,8.3797,-5.023,-0.03459,0.00426,0.00798,0
2026-10-06T23:17:19.646,1198563091,26.88,0.6105,8.3749,-5.0159,-0.03406,0.00319,0.00745,0
2026-10-06T23:17:20.170,1199086089,26.89,0.6081,8.3701,-5.0757,-0.03406,0.00319,0.00798,0
2026-10-06T23:17:20.571,1199488089,26.91,0.6177,8.3821,-5.0566,-0.03459,0.00319,0.00798,0
2026-10-06T23:17:21.093,1200010143,26.89,0.6057,8.3725,-5.0206,-0.03352,0.00319,0.00851,0
2026-10-06T23:17:21.591,1200509089,26.89,0.5962,8.3749,-5.0182,-0.03406,0.00426,0.00745,0
2026-10-06T23:17:22.101,1201018238,26.89,0.6009,8.3366,-5.0374,-0.03352,0.00372,0.00745,0
2026-10-06T23:17:22.612,1201528244,26.9,0.6081,8.3893,-5.0302,-0.03406,0.00372,0.00798,0
2026-10-06T23:17:23.138,1202051089,26.91,0.5962,8.3701,-5.0278,-0.03352,0.00372,0.00745,0
2026-10-06T23:17:23.637,1202555203,26.89,0.6057,8.3653,-4.9991,-0.03352,0.00372,0.00798,0
2026-10-06T23:17:24.150,1203067089,26.92,0.6249,8.3677,-5.0661,-0.03352,0.00319,0.00745,0
2026-10-06T23:17:24.674,1203589089,26.89,0.6153,8.3606,-5.0111,-0.03406,0.00426,0.00692,0
2026-10-06T23:17:25.074,1203989252,26.91,0.5986,8.3486,-5.0613,-0.03246,0.00426,0.00798,0
2026-10-06T23:17:25.583,1204499161,26.91,0.5938,8.3725,-5.0853,-0.03352,0.00372,0.00798,0
2026-10-06T23:17:28.868,1207785093,26.9,0.6177,8.3582,-5.023,-0.03352,0.00426,0.00745,0
2026-10-06T23:17:28.967,1207885089,26.9,0.6177,8.4013,-5.0302,-0.03352,0.00266,0.00692,0
2026-10-06T23:17:29.068,1207985093,26.9,0.589,8.3773,-5.0302,-0.03406,0.00372,0.00798,0
2026-10-06T23:17:29.168,1208085089,26.9,0.5986,8.3606,-5.0398,-0.03352,0.00372,0.00745,0
2026-10-06T23:17:29.269,1208186093,26.91,0.5938,8.3677,-5.0518,-0.03352,0.00426,0.00798,0
2026-10-06T23:17:29.371,1208288129,26.91,0.6033,8.3582,-4.9871,-0.03352,0.00372,0.00798,0
2026-10-06T23:17:29.442,1208317720,26.9,0.6201,8.3749,-5.0781,-0.03406,0.00319,0.00798,0
2026-10-06T23:17:29.582,1208500128,26.9,0.6105,8.3773,-5.0901,-0.03406,0.00372,0.00851,0
2026-10-06T23:17:30.094,1209010089,26.9,0.5938,8.4084,-5.0422,-0.03406,0.00372,0.00798,0
2026-10-06T23:17:30.604,1209522093,26.89,0.5722,8.3582,-5.0278,-0.03352,0.00319,0.00851,0
2026-10-06T23:17:31.114,1210032089,26.88,0.5914,8.3893,-5.0015,-0.03352,0.00372,0.00798,0
2026-10-06T23:17:31.623,1210541093,26.91,0.5914,8.3629,-5.0278,-0.03352,0.00319,0.00692,0
2026-10-06T23:17:32.133,1211051089,26.9,0.565,8.3438,-5.035,-0.03352,0.00372,0.00798,0
2026-10-06T23:17:32.656,1211574089,26.9,0.6177,8.3582,-5.0566,-0.03299,0.00426,0.00798,0
2026-10-06T23:17:33.166,1212084093,26.89,0.6057,8.3701,-5.0853,-0.03352,0.00319,0.00745,0
2026-10-06T23:17:33.677,1212595094,26.89,0.6129,8.3989,-5.0254,-0.03352,0.00319,0.00745,0
2026-10-06T23:17:34.091,1213008093,26.9,0.6177,8.3629,-5.0159,-0.03406,0.00426,0.00798,0
2026-10-06T23:17:34.595,1213512093,26.91,0.5986,8.3869,-5.035,-0.03299,0.00426,0.00798,0
2026-10-06T23:17:35.104,1214022089,26.88,0.6081,8.3653,-5.0446,-0.03352,0.00372,0.00692,0
2026-10-06T23:17:35.682,1214543164,26.89,0.6033,8.3582,-5.0853,-0.03406,0.00372,0.00745,0
2026-10-06T23:17:36.137,1215053094,26.91,0.6081,8.3534,-5.0254,-0.03352,0.00479,0.00745,0
2026-10-06T23:17:36.714,1215576093,26.89,0.577,8.3725,-5.0566,-0.03352,0.00266,0.00692,0
2026-10-06T23:17:39.813,1218731194,26.89,0.6081,8.3677,-5.0374,-0.03406,0.00372,0.00851,0
2026-10-06T23:17:39.914,1218832128,26.87,0.6201,8.3917,-5.0566,-0.03406,0.00426,0.00745,0
2026-10-06T23:17:40.014,1218931089,26.9,0.5986,8.3653,-5.0374,-0.03352,0.00266,0.00798,0
2026-10-06T23:17:40.121,1219037147,26.88,0.6057,8.3749,-5.0709,-0.03299,0.00372,0.00745,0
2026-10-06T23:17:40.209,1219126234,26.9,0.6321,8.3606,-4.9895,-0.03406,0.00372,0.00745,0
2026-10-06T23:17:40.299,1219168225,26.9,0.6009,8.3845,-5.0494,-0.03459,0.00266,0.00745,0
2026-10-06T23:17:40.391,1219252093,26.9,0.5914,8.3773,-5.0302,-0.03299,0.00372,0.00851,0
2026-10-06T23:17:40.635,1219553108,26.88,0.6201,8.3725,-5.0422,-0.03352,0.00319,0.00798,0
2026-10-06T23:17:41.216,1220074093,26.9,0.589,8.3534,-5.0087,-0.03406,0.00319,0.00745,0
2026-10-06T23:17:41.655,1220572093,26.88,0.6057,8.3438,-5.047,-0.03459,0.00372,0.00692,0
2026-10-06T23:17:42.166,1221082176,26.89,0.5938,8.3558,-5.0566,-0.03406,0.00319,0.00798,0
2026-10-06T23:17:42.578,1221496093,26.9,0.6273,8.3773,-5.0374,-0.03299,0.00266,0.00692,0
2026-10-06T23:17:43.161,1222016093,26.9,0.6009,8.3869,-5.0566,-0.03352,0.00479,0.00798,0
2026-10-06T23:17:43.605,1222523089,26.88,0.6009,8.4013,-5.0206,-0.03406,0.00319,0.00745,0
2026-10-06T23:17:44.107,1223022089,26.89,0.6081,8.3989,-5.0206,-0.03299,0.00372,0.00745,0
2026-10-06T23:17:44.614,1223532093,26.88,0.6057,8.3941,-5.0206,-0.03352,0.00319,0.00798,0
2026-10-06T23:17:47.796,1226714089,26.88,0.6177,8.3462,-5.0518,-0.03299,0.00372,0.00745,0
2026-10-06T23:17:50.557,1229475089,26.89,0.5962,8.3558,-5.0159,-0.03406,0.00319,0.00745,0
2026-10-06T23:17:50.647,1229564089,26.87,0.6057,8.3606,-5.0518,-0.03406,0.00319,0.00798,0
2026-10-06T23:17:50.734,1229603114,26.88,0.6273,8.3701,-5.0422,-0.03299,0.00426,0.00692,0
2026-10-06T23:17:50.836,1229700097,26.89,0.6057,8.3462,-5.0374,-0.03352,0.00319,0.00798,0
2026-10-06T23:17:50.868,1229786093,26.87,0.6177,8.3989,-5.0637,-0.03352,0.00319,0.00798,0
2026-10-06T23:17:50.960,1229874093,26.87,0.5962,8.3677,-5.0206,-0.03352,0.00426,0.00745,0
2026-10-06T23:17:51.062,1229979116,26.89,0.589,8.3725,-5.0087,-0.03352,0.00372,0.00745,0
2026-10-06T23:17:51.143,1230006415,26.89,0.6033,8.3606,-5.0494,-0.03352,0.00319,0.00798,0
2026-10-06T23:17:51.178,1230093089,26.88,0.5986,8.3869,-5.0709,-0.03459,0.00266,0.00798,0
2026-10-06T23:17:51.268,1230177093,26.88,0.5914,8.3797,-5.047,-0.03406,0.00372,0.00798,0
2026-10-06T23:17:51.350,1230216097,26.88,0.6249,8.3653,-5.0637,-0.03459,0.00266,0.00798,0
2026-10-06T23:17:51.451,1230315114,26.89,0.6081,8.3653,-5.0733,-0.03299,0.00266,0.00745,0
2026-10-06T23:17:51.591,1230510128,26.88,0.6081,8.3653,-5.0685,-0.03352,0.00266,0.00745,0
2026-10-06T23:17:52.095,1231012093,26.9,0.6129,8.3701,-5.0685,-0.03459,0.00319,0.00745,0
2026-10-06T23:17:52.606,1231522089,26.88,0.6273,8.3941,-5.0111,-0.03299,0.00266,0.00798,0
2026-10-06T23:17:53.220,1232034093,26.88,0.6249,8.3797,-5.0374,-0.03406,0.00266,0.00798,0
2026-10-06T23:17:53.623,1232541089,26.89,0.6081,8.3629,-5.0422,-0.03352,0.00319,0.00745,0
2026-10-06T23:17:54.134,1233051093,26.9,0.5794,8.3725,-5.0566,-0.03352,0.00319,0.00798,0
2026-10-06T23:17:54.649,1233561188,26.89,0.5914,8.3773,-5.0278,-0.03406,0.00372,0.00798,0
2026-10-06T23:17:55.162,1234080089,26.89,0.5986,8.3558,-5.0494,-0.03299,0.00372,0.00745,0
2026-10-06T23:17:55.568,1234481228,26.87,0.5818,8.3629,-5.0398,-0.03299,0.00426,0.00745,0
2026-10-06T23:17:56.082,1235000089,26.88,0.5962,8.351,-5.0781,-0.03352,0.00319,0.00692,0
2026-10-06T23:17:56.592,1235509093,26.88,0.5818,8.3725,-5.0254,-0.03352,0.00319,0.00745,0
2026-10-06T23:17:57.105,1236019218,26.89,0.589,8.3606,-5.0589,-0.03352,0.00372,0.00745,0
2026-10-06T23:17:57.617,1236530093,26.89,0.5842,8.3558,-5.0206,-0.03352,0.00479,0.00745,0
2026-10-06T23:17:58.127,1237040161,26.89,0.6081,8.3917,-5.0446,-0.03352,0.00372,0.00745,0
2026-10-06T23:17:58.642,1237560089,26.88,0.5938,8.4084,-5.0661,-0.03299,0.00372,0.00798,0
2026-10-06T23:18:01.815,1240730089,26.88,0.5986,8.3606,-5.047,-0.03352,0.00426,0.00692,0
2026-10-06T23:18:04.652,1243510097,26.87,0.5962,8.3582,-5.023,-0.03406,0.00372,0.00798,0
2026-10-06T23:18:04.756,1243621308,26.85,0.5842,8.3749,-5.0254,-0.03352,0.00319,0.00745,0
2026-10-06T23:18:04.856,1243708089,26.86,0.5986,8.3821,-5.0733,-0.03299,0.00426,0.00745,0
2026-10-06T23:18:04.961,1243820097,26.86,0.5962,8.3893,-5.0374,-0.03352,0.00372,0.00905,0
2026-10-06T23:18:05.062,1243930093,26.86,0.6321,8.3582,-5.0206,-0.03352,0.00319,0.00798,0
2026-10-06T23:18:05.091,1244003235,26.87,0.6201,8.3869,-5.0685,-0.03406,0.00213,0.00745,0
2026-10-06T23:18:05.191,1244101089,26.87,0.6081,8.3653,-5.0087,-0.03406,0.00372,0.00692,0
2026-10-06T23:18:05.276,1244195108,26.86,0.589,8.3629,-5.0278,-0.03299,0.00426,0.00798,0
2026-10-06T23:18:05.361,1244235239,26.87,0.6249,8.3486,-5.0302,-0.03406,0.00372,0.00798,0
2026-10-06T23:18:05.464,1244331093,26.87,0.5938,8.3893,-5.0326,-0.03406,0.00372,0.00798,0
2026-10-06T23:18:05.501,1244419093,26.87,0.6105,8.3558,-5.0278,-0.03352,0.00372,0.00798,0
2026-10-06T23:18:05.589,1244507089,26.88,0.6153,8.3606,-5.0566,-0.03352,0.00426,0.00798,0
2026-10-06T23:18:05.704,1244614094,26.85,0.6105,8.4036,-5.0254,-0.03406,0.00319,0.00692,0
2026-10-06T23:18:06.116,1245026093,26.88,0.6225,8.3629,-5.0278,-0.03459,0.00319,0.00745,0
2026-10-06T23:18:06.627,1245545093,26.87,0.6153,8.3534,-5.0446,-0.03406,0.00319,0.00798,0
2026-10-06T23:18:07.140,1246055089,26.89,0.6081,8.3677,-5.0566,-0.03406,0.00479,0.00745,0
2026-10-06T23:18:07.649,1246563094,26.87,0.6033,8.3893,-5.035,-0.03352,0.00426,0.00798,0
2026-10-06T23:18:08.058,1246976089,26.85,0.5938,8.3749,-5.0254,-0.03352,0.00213,0.00798,0
2026-10-06T23:18:08.674,1247583093,26.87,0.5938,8.3629,-5.0039,-0.03406,0.00319,0.00798,0
2026-10-06T23:18:09.085,1247995089,26.87,0.6153,8.339,-5.0254,-0.03352,0.00426,0.00745,0
2026-10-06T23:18:09.584,1248502218,26.85,0.5866,8.3869,-5.023,-0.03406,0.00319,0.00745,0
2026-10-06T23:18:12.857,1251775223,26.87,0.6153,8.3701,-5.0159,-0.03299,0.00372,0.00745,0
2026-10-06T23:18:12.954,1251871232,26.85,0.6129,8.3582,-5.0182,-0.03406,0.00372,0.00798,0
2026-10-06T23:18:13.042,1251900415,26.85,0.6105,8.351,-5.0422,-0.03406,0.00372,0.00798,0
2026-10-06T23:18:13.145,1252016097,26.87,0.5938,8.3773,-5.0589,-0.03352,0.00266,0.00745,0
2026-10-06T23:18:13.181,1252099218,26.86,0.6081,8.3893,-5.0757,-0.03352,0.00479,0.00798,0
2026-10-06T23:18:13.270,1252188089,26.86,0.5794,8.3701,-5.0518,-0.03406,0.00319,0.00798,0
2026-10-06T23:18:13.350,1252228093,26.86,0.5722,8.3701,-5.0302,-0.03406,0.00426,0.00745,0
2026-10-06T23:18:13.577,1252495093,26.86,0.6273,8.3701,-5.0398,-0.03459,0.00372,0.00798,0
2026-10-06T23:18:14.104,1253016093,26.87,0.5962,8.3701,-5.0566,-0.03406,0.00372,0.00798,0
2026-10-06T23:18:14.614,1253524089,26.86,0.6105,8.3629,-5.0589,-0.03406,0.00426,0.00745,0
2026-10-06T23:18:15.114,1254032094,26.86,0.6033,8.3725,-5.035,-0.03352,0.00319,0.00798,0
2026-10-06T23:18:15.698,1254554093,26.87,0.6081,8.3845,-5.0566,-0.03352,0.00372,0.00692,0
2026-10-06T23:18:16.207,1255061089,26.86,0.5866,8.3701,-5.0374,-0.03352,0.00319,0.00692,0
2026-10-06T23:18:16.651,1255568093,26.87,0.6081,8.3606,-5.0159,-0.03352,0.00372,0.00798,0
2026-10-06T23:18:17.130,1255992093,26.87,0.6177,8.3917,-5.0063,-0.03352,0.00372,0.00798,0
2026-10-06T23:18:17.648,1256511147,26.83,0.5986,8.3845,-5.0494,-0.03352,0.00319,0.00745,0
2026-10-06T23:18:18.159,1257006093,26.85,0.6033,8.3558,-5.0685,-0.03352,0.00372,0.00798,0
2026-10-06T23:18:18.596,1257514089,26.87,0.5914,8.3893,-5.0446,-0.03406,0.00372,0.00798,0
2026-10-06T23:18:19.107,1258024263,26.88,0.6009,8.3749,-5.0111,-0.03299,0.00319,0.00745,0
2026-10-06T23:18:19.618,1258536089,26.83,0.6081,8.3725,-5.0087,-0.03406,0.00479,0.00745,0
2026-10-06T23:18:20.129,1259046093,26.85,0.577,8.3941,-5.0494,-0.03406,0.00319,0.00798,0
2026-10-06T23:18:20.638,1259555089,26.86,0.5986,8.3534,-5.0518,-0.03459,0.00426,0.00798,0
2026-10-06T23:18:23.809,1262727089,26.85,0.6416,8.3797,-5.047,-0.03406,0.00426,0.00692,0
2026-10-06T23:18:24.008,1262927093,26.85,0.5914,8.3534,-5.0733,-0.03352,0.00426,0.00798,0
2026-10-06T23:18:24.116,1263035093,26.87,0.6081,8.3701,-5.0542,-0.03299,0.00372,0.00745,0
2026-10-06T23:18:24.221,1263134093,26.86,0.5794,8.3653,-5.047,-0.03459,0.00319,0.00692,0
2026-10-06T23:18:24.323,1263240240,26.87,0.6129,8.3869,-4.9991,-0.03352,0.00426,0.00851,0
2026-10-06T23:18:24.402,1263281093,26.85,0.5986,8.3773,-5.0518,-0.03406,0.00479,0.00851,0
2026-10-06T23:18:24.504,1263365124,26.84,0.589,8.3582,-5.0494,-0.03406,0.00319,0.00745,0
2026-10-06T23:18:24.625,1263544093,26.84,0.5866,8.3845,-5.0278,-0.03352,0.00372,0.00745,0
2026-10-06T23:18:25.147,1264065089,26.86,0.5962,8.3821,-5.0135,-0.03459,0.00426,0.00745,0
2026-10-06T23:18:25.658,1264574093,26.87,0.5914,8.3917,-5.0422,-0.03406,0.00372,0.00798,0
2026-10-06T23:18:26.169,1265086089,26.88,0.6081,8.3582,-5.0637,-0.03406,0.00372,0.00745,0
2026-10-06T23:18:26.581,1265501185,26.87,0.5938,8.3701,-5.0374,-0.03406,0.00372,0.00745,0
2026-10-06T23:18:27.090,1266009089,26.85,0.6177,8.3701,-5.0542,-0.03299,0.00372,0.00745,0
2026-10-06T23:18:27.668,1266531143,26.86,0.5914,8.3486,-5.0398,-0.03406,0.00479,0.00639,0
2026-10-06T23:18:28.110,1267028089,26.84,0.6081,8.351,-5.0518,-0.03406,0.00426,0.00798,0
2026-10-06T23:18:28.700,1267562093,26.85,0.6057,8.3318,-5.0542,-0.03352,0.00319,0.00798,0
2026-10-06T23:18:29.143,1268061103,26.85,0.6033,8.3582,-5.0398,-0.03352,0.00372,0.00745,0
2026-10-06T23:18:29.622,1268477089,26.85,0.6033,8.3773,-5.0206,-0.03299,0.00426,0.00798,0
2026-10-06T23:18:30.132,1268998261,26.86,0.5986,8.3582,-5.035,-0.03299,0.00372,0.00692,0
2026-10-06T23:18:30.672,1269591089,26.86,0.6225,8.3797,-5.0302,-0.03406,0.00426,0.00798,0
2026-10-06T23:18:31.075,1269993089,26.86,0.6249,8.3845,-5.035,-0.03406,0.00319,0.00745,0
2026-10-06T23:18:31.585,1270504179,26.86,0.5938,8.3773,-5.0589,-0.03352,0.00426,0.00798,0
2026-10-06T23:18:34.840,1273706228,26.86,0.6177,8.3558,-5.0805,-0.03352,0.00266,0.00745,0
2026-10-06T23:18:34.936,1273815161,26.87,0.5962,8.3701,-5.0494,-0.03352,0.00319,0.00692,0
2026-10-06T23:18:34.968,1273886192,26.84,0.5914,8.3701,-5.035,-0.03352,0.00319,0.00851,0
2026-10-06T23:18:35.074,1273993097,26.86,0.6225,8.3749,-4.9967,-0.03299,0.00372,0.00851,0
2026-10-06T23:18:35.163,1274080220,26.84,0.6057,8.3821,-5.0422,-0.03352,0.00372,0.00745,0
2026-10-06T23:18:35.251,1274108658,26.84,0.6177,8.3773,-5.0254,-0.03352,0.00372,0.00798,0
2026-10-06T23:18:35.278,1274196089,26.86,0.6009,8.3893,-5.0494,-0.03459,0.00372,0.00745,0
2026-10-06T23:18:35.584,1274502089,26.86,0.6057,8.3773,-5.0422,-0.03406,0.00372,0.00851,0
2026-10-06T23:18:36.095,1275012122,26.87,0.5842,8.4108,-5.0661,-0.03406,0.00426,0.00692,0
2026-10-06T23:18:36.605,1275524089,26.84,0.6129,8.3653,-5.0518,-0.03406,0.00372,0.00798,0
2026-10-06T23:18:37.115,1276034093,26.86,0.6177,8.3869,-5.0805,-0.03459,0.00372,0.00745,0
2026-10-06T23:18:37.625,1276544089,26.84,0.6057,8.3797,-5.0494,-0.03352,0.00372,0.00798,0
2026-10-06T23:18:38.136,1277055093,26.87,0.6081,8.3653,-5.0637,-0.03459,0.00479,0.00798,0
2026-10-06T23:18:38.646,1277565212,26.86,0.6105,8.3629,-5.0781,-0.03352,0.00426,0.00745,0
2026-10-06T23:18:39.167,1278086089,26.86,0.6009,8.3749,-5.0518,-0.03406,0.00426,0.00798,0
2026-10-06T23:18:39.568,1278487089,26.86,0.6081,8.3941,-5.0254,-0.03299,0.00426,0.00798,0
2026-10-06T23:18:40.091,1279009089,26.86,0.6129,8.3606,-5.0182,-0.03299,0.00372,0.00745,0
2026-10-06T23:18:40.602,1279520230,26.87,0.577,8.3462,-5.0254,-0.03299,0.00319,0.00851,0
2026-10-06T23:18:41.112,1280031089,26.85,0.5914,8.3893,-5.0254,-0.03352,0.00372,0.00745,0
2026-10-06T23:18:41.621,1280540093,26.87,0.5866,8.3629,-5.0159,-0.03406,0.00319,0.00745,0
2026-10-06T23:18:42.132,1281050090,26.86,0.6081,8.3893,-5.0182,-0.03459,0.00372,0.00745,0
2026-10-06T23:18:42.642,1281561174,26.87,0.5938,8.3821,-5.0398,-0.03246,0.00319,0.00692,0
2026-10-06T23:18:45.822,1284741089,26.88,0.6153,8.3869,-5.0709,-0.03246,0.00319,0.00745,0
2026-10-06T23:18:45.921,1284840093,26.87,0.5962,8.3701,-5.0111,-0.03352,0.00426,0.00745,0
2026-10-06T23:18:46.013,1284928190,26.88,0.5962,8.3606,-5.0302,-0.03459,0.00479,0.00745,0
2026-10-06T23:18:46.101,1284958748,26.9,0.5914,8.3869,-5.0566,-0.03352,0.00319,0.00798,0
2026-10-06T23:18:46.199,1285070124,26.88,0.6177,8.3725,-5.0781,-0.03352,0.00372,0.00692,0
2026-10-06T23:18:46.227,1285144111,26.89,0.6009,8.3725,-5.0446,-0.03352,0.00479,0.00905,0
2026-10-06T23:18:46.328,1285247089,26.89,0.6009,8.3629,-5.047,-0.03406,0.00319,0.00745,0
2026-10-06T23:18:46.633,1285552089,26.89,0.6009,8.3845,-5.0422,-0.03352,0.00266,0.00692,0
2026-10-06T23:18:47.143,1286062113,26.89,0.5914,8.3773,-5.0589,-0.03352,0.00372,0.00798,0
2026-10-06T23:18:47.653,1286572093,26.89,0.6249,8.3342,-5.0039,-0.03459,0.00372,0.00745,0
2026-10-06T23:18:48.164,1287082165,26.9,0.6369,8.3725,-5.023,-0.03352,0.00426,0.00745,0
2026-10-06T23:18:48.576,1287495089,26.89,0.6105,8.3677,-4.9943,-0.03352,0.00372,0.00745,0
2026-10-06T23:18:49.096,1288015089,26.9,0.6033,8.3845,-5.047,-0.03352,0.00319,0.00745,0
2026-10-06T23:18:49.611,1288524093,26.91,0.6033,8.3701,-5.0254,-0.03352,0.00426,0.00798,0
2026-10-06T23:18:50.111,1289027093,26.88,0.6105,8.3558,-5.0518,-0.03352,0.00319,0.00798,0
2026-10-06T23:18:50.632,1289551093,26.88,0.5818,8.3869,-5.0661,-0.03459,0.00372,0.00745,0
2026-10-06T23:18:51.141,1290060089,26.87,0.6129,8.3486,-5.0589,-0.03299,0.00372,0.00798,0
2026-10-06T23:18:51.617,1290485089,26.89,0.6177,8.3701,-5.0589,-0.03352,0.00426,0.00851,0
2026-10-06T23:18:52.160,1291079089,26.89,0.6105,8.3821,-5.0398,-0.03352,0.00372,0.00745,0
2026-10-06T23:18:52.574,1291491211,26.89,0.6105,8.3797,-5.0111,-0.03406,0.00426,0.00851,0
2026-10-06T23:18:53.084,1292003089,26.88,0.5842,8.3845,-5.0326,-0.03406,0.00426,0.00745,0
2026-10-06T23:18:53.594,1292513093,26.91,0.6081,8.3773,-5.0733,-0.03299,0.00319,0.00798,0
2026-10-06T23:18:56.874,1295791105,26.9,0.5914,8.3893,-5.0374,-0.03352,0.00372,0.00745,0
2026-10-06T23:18:56.973,1295892093,26.91,0.5986,8.3653,-5.0326,-0.03406,0.00266,0.00745,0
2026-10-06T23:18:57.063,1295981240,26.89,0.5962,8.3629,-5.023,-0.03406,0.00372,0.00745,0
2026-10-06T23:18:57.143,1296010836,26.91,0.5986,8.3845,-5.047,-0.03352,0.00372,0.00692,0
2026-10-06T23:18:57.180,1296099089,26.89,0.5794,8.3582,-5.0159,-0.03406,0.00319,0.00745,0
2026-10-06T23:18:57.273,1296190089,26.91,0.6081,8.3677,-5.0757,-0.03352,0.00319,0.00745,0
2026-10-06T23:18:57.348,1296219431,26.91,0.6393,8.3725,-5.0542,-0.03406,0.00372,0.00798,0
2026-10-06T23:18:57.578,1296497093,26.89,0.6105,8.3821,-5.0182,-0.03406,0.00426,0.00692,0
2026-10-06T23:18:58.102,1297018093,26.89,0.5914,8.3821,-5.0182,-0.03352,0.00426,0.00745,0
2026-10-06T23:18:58.616,1297530089,26.92,0.6081,8.3773,-5.0326,-0.03352,0.00426,0.00745,0
2026-10-06T23:18:59.112,1298031186,26.89,0.6033,8.3965,-5.0589,-0.03352,0.00372,0.00798,0
2026-10-06T23:18:59.636,1298555089,26.91,0.6345,8.3653,-5.0278,-0.03406,0.00372,0.00745,0
2026-10-06T23:19:00.147,1299066093,26.9,0.6057,8.3893,-5.047,-0.03352,0.00372,0.00745,0
2026-10-06T23:19:00.731,1299598163,26.9,0.5962,8.3869,-5.0589,-0.03352,0.00479,0.00798,0
2026-10-06T23:19:01.160,1300079093,26.91,0.6249,8.3606,-5.0254,-0.03406,0.00372,0.00745,0
2026-10-06T23:19:01.575,1300494245,26.89,0.577,8.3653,-5.0398,-0.03352,0.00372,0.00745,0
2026-10-06T23:19:02.097,1301016089,26.91,0.6249,8.3845,-5.0302,-0.03406,0.00426,0.00745,0
2026-10-06T23:19:02.608,1301527093,26.9,0.6081,8.3749,-5.0661,-0.03406,0.00319,0.00692,0
2026-10-06T23:19:03.107,1302026225,26.92,0.5986,8.3821,-5.0422,-0.03406,0.00372,0.00745,0
2026-10-06T23:19:03.630,1302549251,26.91,0.5818,8.3749,-5.0613,-0.03352,0.00479,0.00851,0
2026-10-06T23:19:04.132,1303049093,26.91,0.6129,8.3941,-5.0302,-0.03352,0.00479,0.00798,0
2026-10-06T23:19:04.654,1303573093,26.91,0.6033,8.3701,-5.047,-0.03352,0.00372,0.00745,0
2026-10-06T23:19:07.812,1306731089,26.89,0.6177,8.3797,-5.0087,-0.03352,0.00319,0.00798,0
2026-10-06T23:19:07.897,1306758889,26.9,0.6081,8.3725,-5.0637,-0.03299,0.00426,0.00745,0
2026-10-06T23:19:07.927,1306847093,26.9,0.5746,8.3749,-5.0302,-0.03406,0.00372,0.00745,0
2026-10-06T23:19:08.020,1306937093,26.91,0.5746,8.3701,-5.0613,-0.03299,0.00319,0.00851,0
2026-10-06T23:19:08.101,1306967800,26.91,0.5962,8.3701,-5.0566,-0.03352,0.00372,0.00745,0
2026-10-06T23:19:08.203,1307064128,26.92,0.5962,8.3845,-5.0302,-0.03299,0.00479,0.00798,0
2026-10-06T23:19:08.234,1307150093,26.92,0.5986,8.3845,-5.0733,-0.03406,0.00319,0.00745,0
2026-10-06T23:19:08.610,1307490143,26.89,0.6177,8.3821,-5.0446,-0.03459,0.00372,0.00798,0
2026-10-06T23:19:09.148,1308067096,26.9,0.5866,8.3582,-5.047,-0.03406,0.00372,0.00745,0
2026-10-06T23:19:09.660,1308577089,26.89,0.5722,8.3414,-5.0374,-0.03352,0.00426,0.00851,0
2026-10-06T23:19:10.170,1309089093,26.9,0.6033,8.3701,-5.0398,-0.03352,0.00426,0.00798,0
2026-10-06T23:19:10.583,1309502089,26.91,0.6081,8.3749,-5.0278,-0.03512,0.00426,0.00851,0
2026-10-06T23:19:11.168,1310035246,26.9,0.5938,8.3797,-5.0206,-0.03299,0.00319,0.00692,0
2026-10-06T23:19:11.609,1310529093,26.89,0.5842,8.3845,-5.0326,-0.03352,0.00319,0.00745,0
2026-10-06T23:19:12.121,1311040089,26.92,0.5938,8.3725,-5.0039,-0.03352,0.00319,0.00798,0
2026-10-06T23:19:12.629,1311549093,26.9,0.6033,8.3773,-5.0182,-0.03459,0.00372,0.00745,0
2026-10-06T23:19:13.151,1312071147,26.91,0.6225,8.3629,-5.0542,-0.03459,0.00372,0.00745,0
2026-10-06T23:19:13.650,1312567258,26.9,0.6081,8.3845,-5.0254,-0.03512,0.00372,0.00745,0
2026-10-06T23:19:14.161,1313079089,26.91,0.6009,8.3845,-5.0422,-0.03406,0.00372,0.00692,0
2026-10-06T23:19:14.648,1313506089,26.89,0.6177,8.3773,-5.0206,-0.03352,0.00372,0.00745,0
2026-10-06T23:19:15.088,1314004089,26.9,0.6273,8.3749,-5.0254,-0.03352,0.00372,0.00851,0
2026-10-06T23:19:15.595,1314512093,26.9,0.5986,8.3725,-5.0278,-0.03352,0.00319,0.00692,0
2026-10-06T23:19:18.870,1317790089,26.88,0.6177,8.3582,-5.0494,-0.03459,0.00426,0.00798,0
2026-10-06T23:19:18.971,1317890093,26.89,0.6081,8.3773,-5.023,-0.03352,0.00319,0.00692,0
2026-10-06T23:19:19.073,1317992090,26.9,0.6177,8.3773,-5.0111,-0.03406,0.00372,0.00692,0
2026-10-06T23:19:19.153,1318019858,26.89,0.6273,8.3821,-5.0566,-0.03352,0.00319,0.00851,0
2026-10-06T23:19:19.188,1318106093,26.9,0.5938,8.3989,-5.0326,-0.03352,0.00319,0.00745,0
2026-10-06T23:19:19.290,1318210124,26.89,0.6345,8.3845,-5.0206,-0.03352,0.00372,0.00798,0
2026-10-06T23:19:19.380,1318299089,26.9,0.5986,8.3893,-5.0589,-0.03459,0.00372,0.00798,0
2026-10-06T23:19:19.592,1318510106,26.89,0.6105,8.3797,-5.035,-0.03352,0.00372,0.00745,0
2026-10-06T23:19:20.105,1319022147,26.9,0.5986,8.3677,-5.0757,-0.03406,0.00372,0.00745,0
2026-10-06T23:19:20.618,1319533089,26.89,0.5938,8.3749,-5.0446,-0.03459,0.00372,0.00798,0
2026-10-06T23:19:21.122,1320042093,26.89,0.5986,8.3941,-5.0422,-0.03406,0.00426,0.00692,0
2026-10-06T23:19:21.634,1320554089,26.89,0.6225,8.3869,-5.0685,-0.03406,0.00426,0.00745,0
2026-10-06T23:19:22.140,1321059097,26.88,0.6225,8.3821,-5.0518,-0.03352,0.00372,0.00745,0
2026-10-06T23:19:22.652,1321568158,26.88,0.6057,8.3366,-5.0685,-0.03299,0.00319,0.00851,0
2026-10-06T23:19:23.169,1322080238,26.88,0.5914,8.3725,-5.0111,-0.03459,0.00372,0.00851,0
2026-10-06T23:19:23.575,1322492174,26.89,0.589,8.3606,-5.0901,-0.03352,0.00426,0.00798,0
2026-10-06T23:19:24.091,1323010089,26.88,0.6009,8.3582,-5.0374,-0.03299,0.00426,0.00692,0
2026-10-06T23:19:24.601,1323520093,26.87,0.5938,8.3773,-5.0542,-0.03406,0.00426,0.00798,0
2026-10-06T23:19:25.110,1324029108,26.9,0.5962,8.3701,-5.0374,-0.03406,0.00372,0.00798,0
2026-10-06T23:19:25.619,1324538187,26.87,0.6129,8.3677,-5.0829,-0.03406,0.00372,0.00798,0
2026-10-06T23:19:26.139,1325058093,26.89,0.6177,8.3534,-5.0302,-0.03406,0.00372,0.00798,0
2026-10-06T23:19:26.648,1325567089,26.89,0.6057,8.3917,-5.0398,-0.03352,0.00319,0.00798,0
2026-10-06T23:19:29.821,1328737089,26.86,0.6225,8.3701,-5.0446,-0.03299,0.00426,0.00798,0
2026-10-06T23:19:29.923,1328835206,26.89,0.6249,8.3582,-5.0661,-0.03299,0.00319,0.00798,0
2026-10-06T23:19:30.022,1328936151,26.88,0.6225,8.3653,-5.0159,-0.03406,0.00319,0.00798,0
2026-10-06T23:19:30.095,1328968755,26.89,0.6177,8.3677,-5.0374,-0.03459,0.00426,0.00745,0
2026-10-06T23:19:30.203,1329065129,26.89,0.5818,8.3845,-5.047,-0.03406,0.00479,0.00745,0
2026-10-06T23:19:30.305,1329166147,26.87,0.6033,8.3749,-5.0542,-0.03406,0.00372,0.00692,0
2026-10-06T23:19:30.334,1329253093,26.88,0.6153,8.3606,-5.0613,-0.03406,0.00372,0.00905,0
2026-10-06T23:19:30.613,1329473089,26.89,0.6081,8.3677,-5.047,-0.03406,0.00266,0.00745,0
2026-10-06T23:19:31.146,1330066089,26.88,0.6273,8.3797,-5.0518,-0.03406,0.00426,0.00798,0
2026-10-06T23:19:31.670,1330587089,26.9,0.5842,8.3941,-5.0182,-0.03459,0.00372,0.00692,0
2026-10-06T23:19:32.074,1330994089,26.9,0.5818,8.3582,-5.023,-0.03352,0.00426,0.00798,0
2026-10-06T23:19:32.658,1331517143,26.9,0.6057,8.3653,-5.0757,-0.03299,0.00372,0.00692,0
2026-10-06T23:19:33.093,1332013089,26.87,0.6009,8.3821,-5.0111,-0.03299,0.00372,0.00745,0
2026-10-06T23:19:33.682,1332545097,26.89,0.6201,8.3773,-5.0494,-0.03352,0.00319,0.00745,0
2026-10-06T23:19:34.122,1333041099,26.89,0.5986,8.3965,-5.0422,-0.03352,0.00319,0.00692,0
2026-10-06T23:19:34.640,1333551089,26.88,0.6393,8.3534,-5.0589,-0.03406,0.00372,0.00798,0
2026-10-06T23:19:35.145,1334061113,26.88,0.6201,8.3749,-5.0446,-0.03406,0.00479,0.00798,0
2026-10-06T23:19:35.557,1334477235,26.87,0.6177,8.3653,-5.0446,-0.03352,0.00372,0.00745,0
2026-10-06T23:19:36.138,1335000093,26.87,0.6177,8.3821,-5.0039,-0.03406,0.00266,0.00798,0
2026-10-06T23:19:36.647,1335508147,26.89,0.5986,8.3941,-5.0446,-0.03352,0.00426,0.00745,0
2026-10-06T23:19:37.086,1336005093,26.88,0.589,8.3821,-4.9991,-0.03459,0.00319,0.00692,0
2026-10-06T23:19:37.599,1336516089,26.89,0.6057,8.3797,-5.0398,-0.03299,0.00319,0.00745,0
2026-10-06T23:19:40.882,1339795093,26.88,0.6345,8.3606,-5.0637,-0.03352,0.00372,0.00798,0
2026-10-06T23:19:40.973,1339891089,26.87,0.5962,8.3725,-5.0422,-0.03406,0.00372,0.00798,0
2026-10-06T23:19:41.152,1339993093,26.87,0.6081,8.3773,-5.0446,-0.03352,0.00426,0.00798,0
2026-10-06T23:19:41.188,1340103093,26.87,0.6081,8.3941,-5.0757,-0.03299,0.00372,0.00745,0
2026-10-06T23:19:41.364,1340201089,26.87,0.6081,8.3629,-5.0398,-0.03459,0.00372,0.00692,0
2026-10-06T23:19:41.394,1340313089,26.87,0.5794,8.3653,-5.0398,-0.03352,0.00372,0.00745,0
2026-10-06T23:19:41.482,1340401089,26.88,0.6105,8.3629,-5.0518,-0.03299,0.00372,0.00692,0
2026-10-06T23:19:41.581,1340501093,26.85,0.5938,8.3749,-5.0446,-0.03406,0.00426,0.00851,0
2026-10-06T23:19:42.101,1341021093,26.88,0.6033,8.3653,-5.0781,-0.03406,0.00266,0.00745,0
2026-10-06T23:19:42.611,1341531089,26.89,0.6057,8.3701,-5.0254,-0.03352,0.00426,0.00692,0
2026-10-06T23:19:43.120,1342039246,26.87,0.6129,8.3558,-5.047,-0.03406,0.00426,0.00745,0
2026-10-06T23:19:43.629,1342549089,26.88,0.5818,8.4036,-5.0278,-0.03352,0.00426,0.00745,0
2026-10-06T23:19:44.145,1343059236,26.88,0.6153,8.3749,-5.0254,-0.03352,0.00372,0.00745,0
2026-10-06T23:19:44.659,1343579093,26.89,0.5986,8.3749,-5.0901,-0.03406,0.00426,0.00851,0
2026-10-06T23:19:45.170,1344088089,26.88,0.6273,8.418,-5.0398,-0.03352,0.00319,0.00851,0
2026-10-06T23:19:45.583,1344503093,26.87,0.6153,8.3773,-5.047,-0.03406,0.00372,0.00639,0
2026-10-06T23:19:46.092,1345012089,26.89,0.6033,8.3821,-5.0446,-0.03352,0.00426,0.00851,0
2026-10-06T23:19:46.604,1345522161,26.88,0.5938,8.3845,-5.0589,-0.03352,0.00372,0.00798,0
2026-10-06T23:19:47.115,1346033089,26.89,0.5962,8.3797,-5.0398,-0.03406,0.00479,0.00692,0
2026-10-06T23:19:47.628,1346545093,26.9,0.6009,8.3797,-5.0135,-0.03406,0.00372,0.00851,0
2026-10-06T23:19:48.134,1347053106,26.89,0.5938,8.3486,-5.0111,-0.03299,0.00372,0.00798,0
2026-10-06T23:19:48.643,1347563155,26.88,0.5746,8.3821,-5.0254,-0.03352,0.00319,0.00745,0
2026-10-06T23:19:51.901,1350770115,26.9,0.589,8.3606,-5.0542,-0.03299,0.00426,0.00851,0
2026-10-06T23:19:52.002,1350855089,26.9,0.6177,8.3677,-5.0566,-0.03406,0.00319,0.00745,0
2026-10-06T23:19:52.030,1350949160,26.89,0.6105,8.3917,-5.035,-0.03352,0.00372,0.00798,0
2026-10-06T23:19:52.121,1351038181,26.91,0.6033,8.3629,-5.0374,-0.03352,0.00372,0.00745,0
2026-10-06T23:19:52.207,1351069732,26.9,0.5962,8.3797,-5.0589,-0.03352,0.00372,0.00745,0
2026-10-06T23:19:52.239,1351156093,26.9,0.5962,8.3725,-5.0446,-0.03352,0.00372,0.00639,0
2026-10-06T23:19:52.335,1351254094,26.9,0.6033,8.3941,-5.0685,-0.03352,0.00372,0.00798,0
2026-10-06T23:19:52.645,1351560089,26.89,0.6057,8.3773,-5.0661,-0.03406,0.00372,0.00745,0
2026-10-06T23:19:53.153,1352070093,26.92,0.6129,8.3773,-5.0589,-0.03352,0.00479,0.00692,0
2026-10-06T23:19:53.671,1352591093,26.9,0.6129,8.3629,-5.0637,-0.03352,0.00426,0.00745,0
2026-10-06T23:19:54.079,1352996093,26.91,0.6009,8.3342,-5.0159,-0.03299,0.00426,0.00745,0
2026-10-06T23:19:54.585,1353505089,26.9,0.6033,8.3749,-5.0685,-0.03299,0.00426,0.00692,0
2026-10-06T23:19:55.175,1354026089,26.89,0.6153,8.3965,-5.0829,-0.03406,0.00426,0.00798,0
2026-10-06T23:19:55.604,1354524106,26.9,0.5938,8.4013,-5.0661,-0.03406,0.00319,0.00798,0
2026-10-06T23:19:56.115,1355033251,26.89,0.5938,8.3941,-5.035,-0.03352,0.00372,0.00798,0
2026-10-06T23:19:56.637,1355554093,26.88,0.6225,8.3582,-5.035,-0.03352,0.00426,0.00692,0
2026-10-06T23:19:57.150,1356065089,26.9,0.6081,8.3893,-5.0206,-0.03352,0.00372,0.00798,0
2026-10-06T23:19:57.655,1356575093,26.88,0.6081,8.3917,-5.0278,-0.03299,0.00266,0.00745,0
2026-10-06T23:19:58.175,1357095093,26.91,0.6201,8.3821,-5.047,-0.03352,0.00372,0.00798,0
2026-10-06T23:19:58.646,1357509128,26.9,0.6129,8.3845,-5.0757,-0.03406,0.00372,0.00798,0
2026-10-06T23:19:59.083,1358003089,26.9,0.6249,8.3821,-5.047,-0.03352,0.00426,0.00745,0
2026-10-06T23:19:59.608,1358525089,26.92,0.6057,8.3749,-5.0254,-0.03406,0.00426,0.00798,0
2026-10-06T23:20:02.880,1361800093,26.9,0.6009,8.3414,-5.0374,-0.03352,0.00319,0.00745,0
2026-10-06T23:20:02.987,1361904089,26.91,0.5938,8.3845,-5.0422,-0.03352,0.00426,0.00745,0
2026-10-06T23:20:03.082,1362002093,26.89,0.6081,8.3606,-5.0518,-0.03406,0.00426,0.00905,0
2026-10-06T23:20:03.184,1362104244,26.91,0.6033,8.3725,-5.0542,-0.03352,0.00319,0.00851,0
2026-10-06T23:20:03.272,1362192211,26.92,0.6057,8.3629,-5.0757,-0.03352,0.00479,0.00745,0
2026-10-06T23:20:03.366,1362219718,26.9,0.6153,8.3821,-5.0446,-0.03352,0.00372,0.00692,0
2026-10-06T23:20:03.455,1362331139,26.9,0.5986,8.3917,-5.0781,-0.03352,0.00372,0.00905,0
2026-10-06T23:20:03.579,1362499217,26.9,0.5938,8.3677,-5.0446,-0.03352,0.00319,0.00745,0
2026-10-06T23:20:04.112,1363033147,26.92,0.5914,8.3845,-5.023,-0.03406,0.00426,0.00798,0
2026-10-06T23:20:04.681,1363542089,26.92,0.5842,8.3701,-5.0613,-0.03352,0.00372,0.00745,0
2026-10-06T23:20:05.194,1364053093,26.92,0.6105,8.3989,-5.0422,-0.03459,0.00372,0.00851,0
2026-10-06T23:20:05.645,1364564089,26.9,0.589,8.3701,-4.9895,-0.03406,0.00372,0.00745,0
2026-10-06T23:20:06.145,1365065089,26.91,0.5986,8.3677,-5.0422,-0.03352,0.00372,0.00745,0
2026-10-06T23:20:06.670,1365587089,26.92,0.5914,8.3965,-5.035,-0.03299,0.00426,0.00798,0
2026-10-06T23:20:07.079,1365999093,26.89,0.5962,8.3677,-5.0374,-0.03352,0.00319,0.00745,0
2026-10-06T23:20:07.590,1366510089,26.92,0.6081,8.3845,-5.0254,-0.03459,0.00372,0.00745,0
2026-10-06T23:20:08.101,1367021093,26.92,0.6201,8.3893,-5.0087,-0.03352,0.00426,0.00745,0
2026-10-06T23:20:08.600,1367520211,26.89,0.5914,8.3773,-5.0589,-0.03299,0.00426,0.00798,0
2026-10-06T23:20:09.126,1368043093,26.9,0.5962,8.3725,-5.0422,-0.03406,0.00479,0.00798,0
2026-10-06T23:20:09.800,1368664093,26.92,0.5962,8.3653,-5.0326,-0.03406,0.00372,0.00851,0
2026-10-06T23:20:10.113,1368980160,26.9,0.6249,8.3821,-5.0805,-0.03299,0.00372,0.00798,0
2026-10-06T23:20:10.748,1369669143,26.92,0.5986,8.3749,-5.0326,-0.03352,0.00426,0.00692,0
2026-10-06T23:20:13.825,1372742170,26.9,0.5914,8.3893,-5.047,-0.03352,0.00319,0.00851,0
2026-10-06T23:20:13.925,1372845221,26.9,0.6033,8.3342,-5.0853,-0.03352,0.00372,0.00798,0
2026-10-06T23:20:14.031,1372952097,26.9,0.5866,8.3582,-5.0087,-0.03352,0.00372,0.00745,0
2026-10-06T23:20:14.123,1373040226,26.92,0.5914,8.351,-5.0542,-0.03352,0.00372,0.00745,0
2026-10-06T23:20:14.206,1373071423,26.92,0.6129,8.3725,-5.0542,-0.03352,0.00372,0.00851,0
2026-10-06T23:20:14.239,1373157145,26.92,0.6009,8.3917,-5.0206,-0.03406,0.00426,0.00798,0
2026-10-06T23:20:14.338,1373258246,26.89,0.6105,8.3366,-5.0589,-0.03352,0.00426,0.00798,0
2026-10-06T23:20:14.617,1373490172,26.91,0.5938,8.3869,-5.0518,-0.03299,0.00319,0.00798,0
2026-10-06T23:20:15.159,1374080093,26.89,0.5842,8.3677,-5.0661,-0.03352,0.00372,0.00798,0
2026-10-06T23:20:15.573,1374493089,26.9,0.6033,8.3749,-5.0542,-0.03352,0.00372,0.00798,0
2026-10-06T23:20:16.083,1375004093,26.89,0.6009,8.3773,-5.047,-0.03352,0.00426,0.00851,0
2026-10-06T23:20:16.595,1375515089,26.92,0.6153,8.3821,-5.0566,-0.03352,0.00372,0.00745,0
2026-10-06T23:20:17.106,1376027093,26.91,0.6057,8.3869,-5.0326,-0.03299,0.00319,0.00851,0
2026-10-06T23:20:17.618,1376538108,26.92,0.6201,8.3749,-5.0326,-0.03406,0.00372,0.00798,0
2026-10-06T23:20:18.190,1377050093,26.91,0.5842,8.3486,-5.0302,-0.03406,0.00372,0.00798,0
2026-10-06T23:20:18.640,1377561089,26.9,0.6009,8.3677,-5.023,-0.03352,0.00372,0.00798,0
2026-10-06T23:20:19.151,1378072093,26.92,0.5938,8.4036,-5.035,-0.03352,0.00426,0.00798,0
2026-10-06T23:20:19.565,1378485089,26.9,0.6177,8.3773,-5.0613,-0.03299,0.00372,0.00745,0
2026-10-06T23:20:20.068,1378989089,26.9,0.5818,8.3773,-5.0494,-0.03299,0.00266,0.00745,0
2026-10-06T23:20:20.656,1379511089,26.9,0.6177,8.406,-5.023,-0.03352,0.00426,0.00798,0
2026-10-06T23:20:21.087,1380007089,26.93,0.6249,8.3821,-5.047,-0.03352,0.00372,0.00745,0
2026-10-06T23:20:21.597,1380518093,26.9,0.6009,8.3653,-5.0446,-0.03299,0.00319,0.00745,0
2026-10-06T23:20:24.874,1383793089,26.9,0.6057,8.3582,-5.035,-0.03352,0.00426,0.00692,0
2026-10-06T23:20:24.946,1383822786,26.92,0.6201,8.3773,-5.0278,-0.03352,0.00319,0.00745,0
2026-10-06T23:20:24.989,1383910246,26.92,0.6129,8.3821,-5.0302,-0.03352,0.00372,0.00798,0
2026-10-06T23:20:25.082,1384002095,26.91,0.6201,8.3893,-5.0589,-0.03352,0.00372,0.00745,0
2026-10-06T23:20:25.182,1384102089,26.92,0.6105,8.3749,-5.0063,-0.03299,0.00372,0.00692,0
2026-10-06T23:20:25.279,1384198097,26.92,0.6225,8.3701,-5.0589,-0.03352,0.00372,0.00745,0
2026-10-06T23:20:25.366,1384222816,26.92,0.6009,8.3845,-5.0566,-0.03406,0.00479,0.00798,0
2026-10-06T23:20:25.590,1384504089,26.89,0.6201,8.3701,-5.0661,-0.03406,0.00372,0.00851,0
2026-10-06T23:20:26.108,1385026089,26.91,0.6201,8.3606,-5.0709,-0.03352,0.00319,0.00798,0
2026-10-06T23:20:26.615,1385534093,26.92,0.6129,8.3749,-5.0518,-0.03459,0.00426,0.00745,0
2026-10-06T23:20:27.130,1386049089,26.92,0.5818,8.3869,-5.035,-0.03406,0.00426,0.00851,0
2026-10-06T23:20:27.639,1386560093,26.93,0.5746,8.3701,-5.035,-0.03406,0.00319,0.00692,0
2026-10-06T23:20:28.148,1387069089,26.9,0.5938,8.3534,-5.0566,-0.03406,0.00479,0.00745,0
2026-10-06T23:20:28.670,1387591089,26.93,0.6225,8.3845,-5.0422,-0.03406,0.00319,0.00798,0
2026-10-06T23:20:29.074,1387995089,26.9,0.5794,8.3534,-5.0566,-0.03406,0.00426,0.00798,0
2026-10-06T23:20:29.584,1388505093,26.89,0.5962,8.3869,-5.0206,-0.03352,0.00479,0.00745,0
2026-10-06T23:20:30.093,1389014089,26.91,0.5962,8.3893,-5.0182,-0.03352,0.00372,0.00745,0
2026-10-06T23:20:30.604,1389522093,26.92,0.6033,8.3582,-5.0182,-0.03352,0.00426,0.00745,0
2026-10-06T23:20:31.115,1390030092,26.91,0.6009,8.3845,-5.0518,-0.03352,0.00372,0.00798,0
2026-10-06T23:20:31.629,1390550089,26.92,0.6177,8.3773,-5.0302,-0.03352,0.00266,0.00745,0
2026-10-06T23:20:32.212,1391083101,26.93,0.5842,8.3773,-5.0494,-0.03352,0.00319,0.00798,0
2026-10-06T23:20:32.650,1391567173,26.92,0.6129,8.3606,-5.0422,-0.03406,0.00372,0.00745,0
2026-10-06T23:20:35.827,1394746094,26.91,0.6033,8.3965,-5.047,-0.03352,0.00372,0.00798,0
2026-10-06T23:20:35.930,1394846089,26.92,0.6105,8.3701,-5.0087,-0.03406,0.00426,0.00745,0
2026-10-06T23:20:36.035,1394955089,26.92,0.577,8.3677,-5.047,-0.03406,0.00319,0.00692,0
2026-10-06T23:20:36.133,1395044251,26.91,0.6057,8.3773,-5.0087,-0.03352,0.00319,0.00745,0
2026-10-06T23:20:36.233,1395152093,26.92,0.6297,8.3821,-5.0589,-0.03406,0.00266,0.00798,0
2026-10-06T23:20:36.305,1395176843,26.91,0.6057,8.3653,-5.0733,-0.03352,0.00372,0.00745,0
2026-10-06T23:20:36.344,1395264123,26.92,0.5986,8.3462,-5.0494,-0.03406,0.00319,0.00745,0
2026-10-06T23:20:36.612,1395484089,26.94,0.6129,8.3606,-5.0637,-0.03299,0.00372,0.00745,0
2026-10-06T23:20:37.158,1396077089,26.92,0.6057,8.3629,-5.0302,-0.03352,0.00426,0.00798,0
2026-10-06T23:20:37.687,1396598251,26.91,0.6225,8.3821,-5.0326,-0.03406,0.00372,0.00745,0
2026-10-06T23:20:38.081,1396997089,26.93,0.577,8.3725,-5.047,-0.03352,0.00426,0.00851,0
2026-10-06T23:20:38.598,1397518090,26.92,0.5818,8.3749,-5.0757,-0.03352,0.00372,0.00745,0
2026-10-06T23:20:39.105,1398017089,26.92,0.6009,8.3845,-5.0494,-0.03406,0.00426,0.00905,0
2026-10-06T23:20:39.615,1398525244,26.9,0.6297,8.3629,-5.0613,-0.03352,0.00372,0.00851,0
2026-10-06T23:20:40.127,1399047093,26.92,0.5818,8.351,-5.0182,-0.03352,0.00319,0.00851,0
2026-10-06T23:20:40.641,1399559089,26.93,0.5818,8.4084,-4.9991,-0.03352,0.00319,0.00851,0
2026-10-06T23:20:41.154,1400071192,26.92,0.6081,8.351,-5.0446,-0.03406,0.00372,0.00745,0
2026-10-06T23:20:41.672,1400581158,26.9,0.6369,8.3629,-5.0087,-0.03299,0.00372,0.00745,0
2026-10-06T23:20:42.176,1401090093,26.9,0.5866,8.3869,-5.0302,-0.03406,0.00372,0.00745,0
2026-10-06T23:20:42.687,1401601092,26.9,0.6129,8.3725,-5.035,-0.03352,0.00372,0.00798,0
2026-10-06T23:20:43.161,1402024093,26.93,0.6033,8.3989,-5.023,-0.03352,0.00426,0.00692,0
2026-10-06T23:20:43.609,1402521093,26.92,0.6033,8.3773,-5.0494,-0.03299,0.00372,0.00798,0
2026-10-06T23:20:46.959,1405820230,26.92,0.6201,8.3749,-5.0446,-0.03352,0.00372,0.00692,0
2026-10-06T23:20:47.151,1406013093,26.92,0.6009,8.3629,-5.035,-0.03406,0.00372,0.00745,0
2026-10-06T23:20:47.263,1406127093,26.91,0.6177,8.3749,-5.023,-0.03352,0.00319,0.00745,0
2026-10-06T23:20:47.358,1406230225,26.92,0.6129,8.3845,-5.0661,-0.03406,0.00319,0.00745,0
2026-10-06T23:20:47.461,1406317089,26.92,0.6009,8.3941,-5.0733,-0.03352,0.00372,0.00851,0
2026-10-06T23:20:47.572,1406427089,26.92,0.6129,8.3677,-5.0446,-0.03352,0.00319,0.00639,0
2026-10-06T23:20:47.602,1406518089,26.9,0.5818,8.3821,-5.0254,-0.03299,0.00319,0.00692,0
2026-10-06T23:20:47.703,1406617176,26.92,0.6201,8.3486,-5.0278,-0.03406,0.00372,0.00745,0
2026-10-06T23:20:48.113,1407030089,26.92,0.6033,8.3749,-5.0374,-0.03406,0.00372,0.00745,0
2026-10-06T23:20:48.626,1407538119,26.91,0.6201,8.351,-5.0709,-0.03352,0.00426,0.00851,0
2026-10-06T23:20:49.126,1408046089,26.9,0.6177,8.3725,-5.0733,-0.03352,0.00213,0.00692,0
2026-10-06T23:20:49.650,1408568089,26.92,0.5842,8.3629,-5.0302,-0.03459,0.00426,0.00639,0
2026-10-06T23:20:50.162,1409075093,26.92,0.6081,8.3917,-5.0182,-0.03299,0.00372,0.00798,0
2026-10-06T23:20:50.573,1409487089,26.92,0.5914,8.3869,-5.047,-0.03352,0.00372,0.00798,0
2026-10-06T23:20:51.158,1410007089,26.89,0.5962,8.3606,-5.0422,-0.03406,0.00372,0.00745,0
2026-10-06T23:20:51.596,1410516093,26.92,0.6345,8.3845,-5.0135,-0.03352,0.00426,0.00798,0
2026-10-06T23:20:52.165,1411028089,26.92,0.5986,8.3534,-5.0182,-0.03406,0.00426,0.00745,0
2026-10-06T23:20:52.619,1411537093,26.93,0.5195,8.3677,-5.0901,-0.03406,0.00372,0.00798,0
2026-10-06T23:20:53.115,1412034161,26.93,0.644,8.3629,-5.0374,-0.03352,0.00372,0.00745,0
2026-10-06T23:20:53.639,1412556202,26.95,0.6081,8.3893,-5.0685,-0.03352,0.00319,0.00798,0
2026-10-06T23:20:54.222,1413065089,26.92,0.5986,8.3821,-5.047,-0.03352,0.00372,0.00745,0
2026-10-06T23:20:54.653,1413574093,26.92,0.6009,8.3629,-5.0398,-0.03299,0.00479,0.00798,0
2026-10-06T23:20:57.903,1416765101,26.91,0.6057,8.3821,-5.0063,-0.03352,0.00319,0.00745,0
2026-10-06T23:20:58.006,1416864089,26.93,0.5962,8.3558,-5.0422,-0.03352,0.00319,0.00745,0
2026-10-06T23:20:58.108,1416966093,26.93,0.6321,8.3677,-5.0326,-0.03299,0.00372,0.00798,0
2026-10-06T23:20:58.204,1417065089,26.93,0.6057,8.3869,-5.0063,-0.03299,0.00266,0.00639,0
2026-10-06T23:20:58.242,1417162093,26.91,0.589,8.3701,-5.0589,-0.03352,0.00319,0.00745,0
2026-10-06T23:20:58.339,1417260089,26.91,0.6201,8.3941,-5.0973,-0.03406,0.00372,0.00745,0
2026-10-06T23:20:58.426,1417346258,26.91,0.6129,8.3893,-5.023,-0.03406,0.00426,0.00798,0
2026-10-06T23:20:58.551,1417472245,26.92,0.5962,8.3534,-5.0182,-0.03299,0.00372,0.00851,0
2026-10-06T23:20:59.158,1418079089,26.92,0.577,8.3582,-5.0206,-0.03352,0.00426,0.00639,0
2026-10-06T23:20:59.668,1418589093,26.9,0.6177,8.3917,-5.0374,-0.03352,0.00319,0.00745,0
2026-10-06T23:21:00.081,1419002089,26.9,0.6105,8.4132,-5.0422,-0.03406,0.00372,0.00851,0
2026-10-06T23:21:00.591,1419512093,26.91,0.6033,8.4132,-5.0422,-0.03299,0.00319,0.00798,0
2026-10-06T23:21:01.100,1420021089,26.92,0.5986,8.3677,-5.0494,-0.03406,0.00372,0.00745,0
2026-10-06T23:21:01.609,1420530093,26.9,0.6033,8.3845,-5.0254,-0.03299,0.00372,0.00798,0
2026-10-06T23:21:02.119,1421040089,26.92,0.5986,8.3773,-5.035,-0.03352,0.00372,0.00851,0
2026-10-06T23:21:02.636,1421551213,26.91,0.5938,8.3941,-5.0589,-0.03352,0.00372,0.00798,0
2026-10-06T23:21:03.149,1422070105,26.9,0.5914,8.3773,-5.0398,-0.03299,0.00319,0.00798,0
2026-10-06T23:21:03.564,1422485244,26.92,0.6249,8.3869,-5.0063,-0.03352,0.00372,0.00745,0
2026-10-06T23:21:04.074,1422995248,26.9,0.6057,8.3941,-5.023,-0.03352,0.00372,0.00851,0
2026-10-06T23:21:04.585,1423505434,26.91,0.5962,8.3821,-5.0182,-0.03352,0.00426,0.00745,0
2026-10-06T23:21:05.095,1424016248,26.92,0.6009,8.3749,-5.0374,-0.03406,0.00319,0.00798,0
2026-10-06T23:21:05.611,1424527244,26.89,0.5842,8.3606,-5.023,-0.03352,0.00372,0.00745,0
2026-10-06T23:21:08.880,1427802093,26.89,0.6105,8.3821,-5.0206,-0.03352,0.00372,0.00798,0
2026-10-06T23:21:08.981,1427902089,26.88,0.5962,8.3725,-5.047,-0.03299,0.00372,0.00745,0
2026-10-06T23:21:09.078,1427999097,26.89,0.6512,8.3797,-5.0613,-0.03299,0.00319,0.00692,0
2026-10-06T23:21:09.184,1428106098,26.88,0.6057,8.3845,-5.0278,-0.03406,0.00372,0.00692,0
2026-10-06T23:21:09.294,1428216133,26.89,0.565,8.3821,-5.0589,-0.03459,0.00372,0.00851,0
2026-10-06T23:21:09.398,1428319089,26.92,0.6081,8.3653,-5.0398,-0.03406,0.00319,0.00798,0
2026-10-06T23:21:09.487,1428408089,26.9,0.6033,8.3821,-5.0374,-0.03406,0.00372,0.00851,0
2026-10-06T23:21:09.602,1428520089,26.89,0.6105,8.3821,-5.0446,-0.03352,0.00372,0.00745,0
2026-10-06T23:21:10.107,1429028093,26.9,0.589,8.3725,-4.9967,-0.03352,0.00372,0.00745,0
2026-10-06T23:21:10.617,1429538116,26.89,0.5842,8.3917,-5.0374,-0.03352,0.00372,0.00798,0
2026-10-06T23:21:11.137,1430048242,26.87,0.5794,8.3965,-5.0542,-0.03299,0.00319,0.00851,0
2026-10-06T23:21:11.646,1430567093,26.88,0.6177,8.3606,-5.023,-0.03352,0.00372,0.00639,0
2026-10-06T23:21:12.154,1431076089,26.9,0.6129,8.3558,-5.0159,-0.03352,0.00372,0.00745,0
2026-10-06T23:21:12.665,1431586093,26.9,0.5962,8.3653,-5.0302,-0.03299,0.00319,0.00745,0
2026-10-06T23:21:13.077,1431998089,26.89,0.6105,8.3462,-5.0278,-0.03352,0.00372,0.00798,0
2026-10-06T23:21:13.585,1432507093,26.9,0.5962,8.3749,-5.0063,-0.03352,0.00319,0.00798,0
2026-10-06T23:21:14.097,1433017089,26.89,0.6153,8.3797,-5.0446,-0.03406,0.00372,0.00745,0
2026-10-06T23:21:14.608,1433528241,26.9,0.5698,8.3701,-5.0206,-0.03299,0.00372,0.00851,0
2026-10-06T23:21:15.118,1434039093,26.91,0.6177,8.3917,-5.0398,-0.03352,0.00426,0.00745,0
2026-10-06T23:21:15.710,1434561107,26.89,0.5866,8.3773,-5.035,-0.03299,0.00426,0.00798,0
2026-10-06T23:21:16.138,1435059218,26.89,0.5986,8.3677,-5.023,-0.03352,0.00372,0.00745,0
2026-10-06T23:21:16.658,1435580089,26.89,0.6033,8.3917,-5.0422,-0.03406,0.00372,0.00798,0
2026-10-06T23:21:19.827,1438749089,26.89,0.6153,8.3917,-5.0039,-0.03406,0.00372,0.00798,0
2026-10-06T23:21:19.929,1438848093,26.88,0.5866,8.3869,-5.0135,-0.03352,0.00372,0.00745,0
2026-10-06T23:21:20.008,1438877822,26.89,0.6153,8.3797,-5.0159,-0.03352,0.00372,0.00851,0
2026-10-06T23:21:20.043,1438963089,26.91,0.6129,8.3989,-5.047,-0.03246,0.00372,0.00745,0
2026-10-06T23:21:20.133,1439053089,26.9,0.6273,8.3845,-5.0182,-0.03352,0.00372,0.00745,0
2026-10-06T23:21:20.206,1439095093,26.89,0.6057,8.3606,-5.0494,-0.03352,0.00319,0.00798,0
2026-10-06T23:21:20.315,1439179177,26.89,0.6369,8.3869,-5.0661,-0.03459,0.00426,0.00798,0
2026-10-06T23:21:20.621,1439486270,26.88,0.5962,8.3869,-5.023,-0.03406,0.00479,0.00745,0
2026-10-06T23:21:21.159,1440078184,26.91,0.6081,8.3629,-5.0781,-0.03299,0.00372,0.00745,0
2026-10-06T23:21:21.666,1440587133,26.9,0.6105,8.3821,-5.0206,-0.03352,0.00319,0.00798,0
2026-10-06T23:21:22.068,1440989254,26.9,0.6057,8.3701,-5.0039,-0.03352,0.00372,0.00745,0
2026-10-06T23:21:22.602,1441524089,26.88,0.6105,8.3725,-5.0422,-0.03406,0.00319,0.00745,0
2026-10-06T23:21:23.102,1442023089,26.91,0.5962,8.3725,-5.0159,-0.03406,0.00479,0.00745,0
2026-10-06T23:21:23.701,1442558096,26.9,0.5842,8.3653,-5.0494,-0.03352,0.00372,0.00745,0
2026-10-06T23:21:24.121,1443043089,26.89,0.6105,8.3989,-5.0278,-0.03406,0.00372,0.00798,0
2026-10-06T23:21:24.607,1443482211,26.91,0.6297,8.3725,-5.0518,-0.03406,0.00426,0.00798,0
2026-10-06T23:21:25.226,1444097115,26.9,0.6297,8.3869,-5.0494,-0.03406,0.00372,0.00798,0
2026-10-06T23:21:25.637,1444507093,26.9,0.589,8.3893,-5.0589,-0.03406,0.00319,0.00798,0
2026-10-06T23:21:26.071,1444990093,26.89,0.565,8.3821,-5.0566,-0.03352,0.00479,0.00798,0
2026-10-06T23:21:26.592,1445514287,26.9,0.577,8.3677,-5.0805,-0.03459,0.00319,0.00745,0
2026-10-06T23:21:27.093,1446013093,26.89,0.6249,8.3653,-5.0278,-0.03299,0.00319,0.00798,0
2026-10-06T23:21:27.602,1446524208,26.89,0.6153,8.3725,-5.0302,-0.03352,0.00372,0.00798,0
2026-10-06T23:21:30.773,1449694215,26.92,0.6249,8.3797,-4.9967,-0.03299,0.00372,0.00745,0
2026-10-06T23:21:30.874,1449795093,26.9,0.5818,8.3486,-5.0542,-0.03352,0.00319,0.00745,0
2026-10-06T23:21:30.962,1449835097,26.91,0.6153,8.3941,-5.0446,-0.03299,0.00372,0.00798,0
2026-10-06T23:21:30.988,1449909244,26.89,0.6105,8.3677,-5.0566,-0.03406,0.00266,0.00798,0
2026-10-06T23:21:31.089,1450009093,26.9,0.6129,8.3869,-5.0302,-0.03352,0.00319,0.00798,0
2026-10-06T23:21:31.189,1450110089,26.89,0.5674,8.3629,-5.035,-0.03299,0.00426,0.00745,0
2026-10-06T23:21:31.278,1450199217,26.89,0.6081,8.3941,-5.0518,-0.03406,0.00426,0.00798,0
2026-10-06T23:21:31.595,1450517093,26.89,0.6393,8.3773,-5.0374,-0.03299,0.00372,0.00798,0
2026-10-06T23:21:32.104,1451026089,26.87,0.5914,8.4108,-5.0446,-0.03406,0.00426,0.00692,0
2026-10-06T23:21:32.697,1451559093,26.89,0.5986,8.3845,-5.0302,-0.03299,0.00372,0.00798,0
2026-10-06T23:21:33.206,1452070089,26.89,0.6129,8.3797,-5.0566,-0.03352,0.00372,0.00798,0
2026-10-06T23:21:33.654,1452568089,26.89,0.6225,8.3629,-5.0613,-0.03299,0.00372,0.00745,0
2026-10-06T23:21:34.159,1453077093,26.89,0.6105,8.3725,-5.0518,-0.03406,0.00372,0.00798,0
2026-10-06T23:21:34.745,1453597093,26.89,0.6057,8.3869,-5.0542,-0.03352,0.00372,0.00745,0
2026-10-06T23:21:35.149,1453997093,26.87,0.656,8.3797,-5.023,-0.03352,0.00319,0.00851,0
2026-10-06T23:21:35.585,1454506141,26.9,0.6057,8.3749,-5.047,-0.03352,0.00319,0.00692,0
2026-10-06T23:21:36.181,1455051189,26.88,0.6081,8.3677,-5.0518,-0.03459,0.00372,0.00745,0
2026-10-06T23:21:36.682,1455544089,26.9,0.6081,8.3797,-5.0446,-0.03299,0.00426,0.00745,0
2026-10-06T23:21:37.213,1456067089,26.87,0.6033,8.3701,-5.0206,-0.03352,0.00319,0.00692,0
2026-10-06T23:21:37.643,1456564117,26.87,0.6033,8.3558,-5.035,-0.03352,0.00372,0.00798,0
2026-10-06T23:21:38.234,1457100135,26.87,0.5866,8.3821,-5.0446,-0.03299,0.00372,0.00692,0
2026-10-06T23:21:38.744,1457594147,26.88,0.6081,8.3677,-5.0422,-0.03459,0.00426,0.00798,0
2026-10-06T23:21:41.921,1460763093,26.86,0.6105,8.4013,-5.0326,-0.03299,0.00372,0.00798,0
2026-10-06T23:21:42.030,1460948166,26.85,0.6009,8.3965,-5.0542,-0.03352,0.00319,0.00745,0
2026-10-06T23:21:42.131,1461050234,26.84,0.5842,8.4036,-5.0302,-0.03299,0.00372,0.00798,0
2026-10-06T23:21:42.209,1461079435,26.87,0.5986,8.3821,-5.047,-0.03352,0.00319,0.00745,0
2026-10-06T23:21:42.251,1461167093,26.87,0.6153,8.3821,-5.0422,-0.03352,0.00372,0.00745,0
2026-10-06T23:21:42.344,1461266089,26.89,0.6393,8.3821,-5.0374,-0.03352,0.00372,0.00745,0
2026-10-06T23:21:42.436,1461355209,26.87,0.6081,8.3869,-5.0877,-0.03352,0.00319,0.00745,0
2026-10-06T23:21:42.625,1461489225,26.87,0.5746,8.3558,-5.0182,-0.03406,0.00372,0.00798,0
2026-10-06T23:21:43.163,1462085089,26.87,0.6273,8.3917,-5.0302,-0.03406,0.00319,0.00745,0
2026-10-06T23:21:43.761,1462608089,26.86,0.6153,8.3653,-5.0254,-0.03406,0.00426,0.00745,0
2026-10-06T23:21:44.090,1463010221,26.86,0.5962,8.4132,-5.0757,-0.03406,0.00372,0.00905,0
2026-10-06T23:21:44.597,1463520147,26.85,0.5962,8.3845,-5.0135,-0.03406,0.00426,0.00745,0
2026-10-06T23:21:45.107,1464029089,26.84,0.6105,8.3629,-5.0398,-0.03352,0.00372,0.00798,0
2026-10-06T23:21:45.617,1464539163,26.84,0.6009,8.3845,-5.0206,-0.03352,0.00372,0.00798,0
2026-10-06T23:21:46.128,1465049123,26.85,0.6488,8.3797,-5.0135,-0.03406,0.00426,0.00798,0
2026-10-06T23:21:46.637,1465559093,26.86,0.589,8.3845,-5.0374,-0.03406,0.00319,0.00851,0
2026-10-06T23:21:47.159,1466080093,26.85,0.5962,8.3845,-5.0422,-0.03299,0.00372,0.00851,0
2026-10-06T23:21:47.641,1466504093,26.84,0.6009,8.3869,-5.0613,-0.03352,0.00319,0.00798,0
2026-10-06T23:21:48.071,1466989173,26.84,0.5938,8.3677,-5.047,-0.03406,0.00426,0.00798,0
2026-10-06T23:21:48.661,1467522093,26.84,0.6153,8.3797,-5.0589,-0.03352,0.00426,0.00745,0
2026-10-06T23:21:49.099,1468020093,26.84,0.6249,8.3773,-5.0422,-0.03459,0.00372,0.00745,0
2026-10-06T23:21:49.609,1468530089,26.85,0.5794,8.3869,-5.0374,-0.03406,0.00319,0.00851,0
2026-10-06T23:21:52.888,1471810093,26.83,0.5962,8.4132,-5.047,-0.03299,0.00319,0.00745,0
2026-10-06T23:21:52.991,1471910089,26.81,0.6129,8.3653,-5.0326,-0.03352,0.00372,0.00745,0
2026-10-06T23:21:53.086,1472007093,26.84,0.6273,8.4228,-5.0494,-0.03459,0.00426,0.00745,0
2026-10-06T23:21:53.188,1472107089,26.81,0.5818,8.3845,-5.0494,-0.03352,0.00319,0.00692,0
2026-10-06T23:21:53.371,1472233147,26.82,0.5986,8.3582,-4.9943,-0.03406,0.00319,0.00851,0
2026-10-06T23:21:53.402,1472321093,26.84,0.5914,8.3869,-5.0637,-0.03406,0.00372,0.00745,0
2026-10-06T23:21:53.573,1472431152,26.83,0.6057,8.3725,-5.0446,-0.03352,0.00426,0.00798,0
2026-10-06T23:21:53.618,1472530161,26.82,0.6105,8.3821,-5.0302,-0.03406,0.00319,0.00798,0
2026-10-06T23:21:54.117,1473038120,26.82,0.589,8.3677,-5.0446,-0.03406,0.00319,0.00798,0
2026-10-06T23:21:54.626,1473548089,26.81,0.6081,8.3725,-5.023,-0.03352,0.00426,0.00745,0
2026-10-06T23:21:55.137,1474059093,26.81,0.6225,8.3677,-5.035,-0.03406,0.00319,0.00798,0
2026-10-06T23:21:55.647,1474569089,26.81,0.6009,8.3438,-5.0637,-0.03406,0.00372,0.00745,0
2026-10-06T23:21:56.157,1475079097,26.8,0.6273,8.3701,-5.0159,-0.03406,0.00266,0.00745,0
2026-10-06T23:21:56.668,1475590089,26.8,0.5938,8.3845,-5.0613,-0.03352,0.00426,0.00745,0
2026-10-06T23:21:57.083,1476005098,26.81,0.644,8.3965,-4.9871,-0.03299,0.00319,0.00798,0
2026-10-06T23:21:57.593,1476515089,26.81,0.6009,8.3821,-5.0182,-0.03352,0.00372,0.00745,0
2026-10-06T23:21:58.103,1477025093,26.79,0.6081,8.3917,-5.047,-0.03299,0.00426,0.00745,0
2026-10-06T23:21:58.616,1477535212,26.82,0.6057,8.3917,-5.0374,-0.03406,0.00479,0.00745,0
2026-10-06T23:21:59.126,1478048093,26.8,0.6369,8.3773,-5.0829,-0.03352,0.00479,0.00798,0
2026-10-06T23:21:59.636,1478558089,26.78,0.589,8.3677,-5.0278,-0.03352,0.00372,0.00798,0
2026-10-06T23:22:00.146,1479067093,26.8,0.5722,8.3653,-5.0135,-0.03352,0.00319,0.00798,0
